Sheet = "5ESS_Replacement.pdf" December 21,2004
-------------
"WCCITY","WCST","SWCLLI","EFFDATE"
"Gaithersburg","MD","GTBGMDGBDS0","2005-07-01"
-------------
Sheet = "DMS100midstate_040805.pdf" April 8, 2005
"WCCITY","WCST","SWCLLI","OLDSWDESC","SWDESC"
"Pleasantville","NY","PSVLNYPVDS0","DMS-100","Nortel Succession","October 21, 2005"
"Chappaqua","NY","CHPQNYCPDS0","DMS-100","Nortel Succession","February 11, 2006"
-------------
Sheet = "LowellPacket_052505.pdf" May 25, 2005
"WCCITY","WCST","SWCLLI","OLDSWDESC","SWDESC","EFFDATE"
"Lowell","MA","LWLLMAPDS1","DMS-100","Nortel Succession","December 10, 2005"
"Westford","MA","WSFRMADEDS1","DMS-100","Nortel Succession","January 6, 2006"
Sheet = "Vz_Fairpoint_Tandem_Mar2008.pdf" March 24, 2008
-------------
"WCCITY","SWCLLI","SWFUNC"
"Lawrence","LWRNMACA03T","TDM,ILT,FGB,FGD"
"Springfield","SPFDMAWO01T","TDM,ILT,FGB,FGD"
"Worcester","WRCSMACE03T","TDM,ILT,FGB,FGD"
"Dover","DOVRNHTH02T","TDM,ILT,FGB,FGD"
"Manchester","MNCHNHCO04T","TDM,ILT,FGB,FGD"
"White River Junction","WRJTVTGA03T","TDM,ILT,FGB,FGD"
Sheet = "Williamsburgh_switch7-31.pdf" August 12, 2009
-------------
"SWNAME","WCCITY","WCST","SWCLLI","SWTYPE","SWITCHDESC","SWFUNC","EFFDATE"
"Williamsburg","Brooklyn","NY","NYCKNYWM12T","4ES","4ESS","TDM,ILT,FGB,FGD","2009-10-15"
"Williamsburg","Brooklyn","NY","NYCKNYWM25T","DMT","DMS-200","TDM,ILT,FGB,FGD","2009-10-15"
"Willamssburg","Brooklyn","NY","NYCKNYWM24T","5ES","5ESS","LCL","2009-10-15"
"Richmond Hill","Queens","NY","NYCQNYRH03T","DMT","DMS-200","LCL","2009-10-15"
Sheet = "ProjNorthNtwkChgE911.pdf" September 30, 2009
-------------
"SWCLLI","SWFUNC","WCADDR","WCCITY","WCST","WCZIP"
"KYSRWVMR1ED","E911","200 Carskadon St","Keyser","WV","26726"
"CLBGWVMA1ED","E911","428 West Main St.","Clarksburg","WV","26301"
"CLBGWVMA01T","E911","428 West Main St.","Clarksburg","WV","26301"
"CMLDMDCMDS0","E911","24 S. Centre","Cumberland","MD","21502"
"CSTWMDCRDS0","E911","14909 Winchester Rd.","Cresaptown","MD","21502"
"BLTMMDCH13T","E911,TOPS","323 North Charles St.","Baltimore","MD","21202"
Sheet = "PrjNthSS7Upd.pdf" October 1, 2009
-------------
"LATA","SWNAME","WCST","SWCLLI","SWDESC","SPC","WCADDR","WCST","WCZIP","SWFUNC"
"960","Coeur D'alene","ID","CRALIDXX02W","Tekelec","240-059-000","2115 N Government Way","ID","83814","STP"
"960","Moscow","ID","MSCWIDXX03W","Tekelec","240-060-000","509 S Howard St","ID","83843","STP"
"366","Bloomington","IL","BLTNILXD01W","Alcatel","240-101-000","110 E Monroe St","IL","61701","STP"
"366","Lincoln","IL","LNCLILXC01W","Alcatel","240-100-000","303 Broadway St","IL","62656","STP"
"362","Marion","IL","MARNILXE01W","Alcatel","240-103-000","208 W Union St","IL","62959","STP"
"362","Carbondale","IL","CRDLILXE02W","Alcatel","240-102-000","208 W Monroe St","IL","62901","STP"
"334","Fort Wayne STP","IN","FTWYINXA02W","Alcatel","240-127-000","303 E Berry St","IN","46802","STP"
"334","Garrett STP","IN","GRRTINXA01W","Alcatel","240-128-000","112 E Keyser St","IN","46738","STP"
"334","Fort Wayne LNP","IN","FTWYINXA09W","Tekelec","240-127-001","303 E Berry St","IN","46802","STP"
"334","Garrett LNP","IN","GRRTINXA03W","Tekelec","240-128-001","112 E Keyser St","IN","46738","STP"
"348","Muskegon","MI","MSKGMIXK01W","Alcatel","240-124-000","860 Terrace St","MI","49440","STP"
"348","Three Rivers","MI","THRRMIXT01W","Alcatel","240-125-000","108 S Main St","MI","49093","STP"
"426","Durham","NC","DRHMNCXM19W","Nortel","240-129-000","104 Holloway St","NC","27701","STP"
"426","Durham Triangle","NC","DRHMNCXF19W","Nortel","240-130-000","Alexander Dr & Sthwy 147","NC","27705","STP"
"324","Delaware","OH","DLWROHXA01W","Alcatel","240-160-000","19 E Central Ave","OH","43015","STP"
"324","Marion","OH","MARNOHXC01W","Alcatel","240-159-000","222 S Prospect St","OH","43302","STP"
"672","Beaverton","OR","BVTNORXB00W","Nortel","240-052-000","4155 Sw Cedar Hills Blvd","OR","97005","STP"
"672","Tigard","OR","TGRDORXA00W","Nortel","240-053-000","8840 Sw Burnham St","OR","97223","STP"
"432","Myrtle Beach","SC","MYBHSCXM01W","Tekelec","240-139-000","914 E Chester St @ 9th Ave","SC","29577","STP"
"432","Pamplico","SC","PMPLSCXA01W","Tekelec","240-140-000","10 5th Ave","SC","29583","STP"
"674","Bothell","WA","BOTHWAXB06W","Tekelec","240-057-000","2326 228th St Se","WA","98021","STP"
"674","Everett","WA","EVRTWAXA06W","Tekelec","240-058-000","426 E Casino Rd","WA","98208","STP"
"350","Marshfield","WI","MRFDWIXA01W","Alcatel","240-219-000","201 S Cedar Ave","WI","54449","STP"
"350","Wausau","WI","WAUSWIXA01W","Alcatel","240-220-000","413 Mcclellan St","WI","54403","STP"
-------------
"SWNAME","WCST","SWCLLI","SWFUNC","SWDESC","SPC","WCADDR","WCCITY","SWFUNC"
"Santa Monica","CA","SNMNCAXPA06","NDB ISCP","IBM/Telcordia","240-014-009","2001 BROADWAY ST","Santa Monica","SCP"
"Long Beach","CA","LNBHCAXPA07","NDB ISCP","IBM/Telcordia","240-014-010","5077 E LEW DAVIS ST","Long Beach","SCP"
"Santa Monica","CA","SNMNCAXP01W","STP","Tekelec","240-004-000","2001 BROADWAY ST","Santa Monica","SCP"
"Long Beach","CA","LNBHCAXP01W","STP","Tekelec","240-005-000","5077 E LEW DAVIS ST","Long Beach","SCP"
Sheet = "NetwrkDisclWVMD.pdf" November 24, 2009
-------------
"LATA","SWNAME","SWCLLI","MATE","SPC","WCADDR","WCCITY","WCST","WCZIP","FLOOR"
"254","Charleston STP","CHTNWVLE77W","DUNBWVDN77W","246-210-000","816 Lee St.","Charleston","WV","25301","9th"
"254","Dunbar STP","DUNBWVDN77W","CHTNWVLE77W","246-211-000","202 12th St.","Dunbar","WV","25064","2nd"
"256","Clarksburg STP","CLBGWVMA77W","MGTWWVFY77W","246-040-000","428 West Main St.","Clarksburg","WV","26301","1st"
"256","Morgantown STP","MGTWWVFY77W","CLBGWVMA77W","246-041-000","145 Fayette St.","Morgantown","WV","26505","1st"
"238","Baltimore STP","BLTMMDCH77W","PIVLMDPK77W","246-201-000","323 North Charles St.","Baltimore","MD","21201","7th"
"238","Pikesville STP","PIVLMDPK77W","BLTMMDCH77W","246-200-000","400 Reisterstown Rd.","Pikesville","MD","21208","2nd"
-------------
"WCST","SWNAME","SWCLLI","OLDSTP1","OLDSTP2","STP1","STP2","EFFDATE"
"WV","Keyser","KYSRWVMRDS0","BLTMMDCH77W","PIVLMDPK77W","CLBGWVMA77W","MGTWWVFY77W","2010-05-24"
"WV","Martinsburg","MRBGWVBUDS0","BLTMMDCH77W","PIVLMDPK77W","CLBGWVMA77W","MGTWWVFY77W","2010-05-24"
Sheet = "PrjNrthDec2009Upd.pdf" December 14, 2009
-------------
"WCST","SWNAME","SWCLLI","OLDSPC","SPC"
"AZ","PARKER","PRKRAZXCDS0","240-015-138","202-015-138"
"AZ","PARKER DAM","PRDMAZXCDS0","240-015-139","202-015-139"
"CA","BLYTHE","BLYTCAXF92K","240-015-077","202-015-077"
"CA","CRESCENT CITY","CRCYCAXFDS1","240-016-006","202-016-006"
"CA","SMITH RIVER","SMRVCAXFDS1","240-016-007","202-016-007"
"ID","BAYVIEW","BYVWIDXXDS1","240-051-004","202-051-004"
"ID","BONNERS FERRY","BNFYIDXXDS1","240-051-003","202-051-003"
"ID","COEUR D'ALENE","CRALIDXX02W","240-059-000","202-059-000"
"ID","COEUR D ALENE MAIN","CRALIDXXCG0","240-051-001","202-051-001"
"ID","DEARY","DERYIDXXDS1","240-051-005","202-051-005"
"ID","HAYDEN LAKE","HYLKIDXXDS0","240-051-002","202-051-002"
"ID","HOPE","HOPEIDXXDS1","240-051-008","202-051-008"
"ID","KELLOGG","KLLGIDXXDS1","240-051-009","202-051-009"
"ID","MOSCOW","MSCWIDXXDS1","240-051-006","202-051-006"
"ID","MOSCOW","MSCWIDXX03W","240-060-000","202-060-000"
"ID","OROFINO","ORFNIDXCDS0","240-051-020","202-051-020"
"ID","PINEHURST","PNHRIDXADS1","240-051-013","202-051-013"
"ID","PLUMMER-WORLEY","PLMRIDXXDS1","240-051-012","202-051-012"
"ID","POST FALLS","PSFLIDXXDS0","240-051-007","202-051-007"
"ID","POTLATCH","PTLTIDXXDS1","240-051-016","202-051-016"
"ID","PRIEST LAKE","PRLKIDXXDS1","240-051-014","202-051-014"
"ID","PRIEST RIVER","PRRVIDXXDS1","240-051-015","202-051-015"
"ID","RATHDRUM","RTHDIDXXDS0","240-051-011","202-051-011"
"ID","SANDPOINT","SNPNIDXXCG0","240-051-010","202-051-010"
"ID","ST. MARIES","STMRIDXXDS1","240-051-017","202-051-017"
"ID","WALLACE","WLLCIDXXDS1","240-051-018","202-051-018"
"IL","ANNA","ANNAILXEDS0","240-107-004","202-107-004"
"IL","BELVIDERE","BLVDILXADS0","240-104-002","202-104-002"
"IL","BENTON","BNTNILXEDS0","240-107-005","202-107-005"
"IL","BLOOMINGTON","BLTNILXD01W","240-101-000","202-101-000"
"IL","BLOOMINGTON CML GATEWAY","BLTNILXD3ED","240-111-019","202-111-019"
"IL","BLOOMINGTON EAST","BLTNILXTDS0","240-111-002","202-111-002"
"IL","BLOOMINGTON MAIN 1","BLTNILXDDS0","240-111-003","202-111-003"
"IL","BLOOMINGTON NORMAL","BLTNILXNDS0","240-111-004","202-111-004"
"IL","BYRON","BYRNILXADS0","240-104-007","202-104-007"
"IL","CARBONDALE","CRDLILXE02W","240-102-000","202-102-000"
"IL","CARBONDALE MAIN","CRDLILXEDS0","240-115-196","202-115-196"
"IL","CARMI","CARMILXEDS0","240-106-006","202-106-006"
"IL","CARTERVILLE","CARVILXEDS0","240-107-001","202-107-001"
"IL","CASEY","CASYILXCDS0","240-106-011","202-106-011"
"IL","CHATHAM","CHHMILXCDS0","240-110-006","202-110-006"
"IL","CHESTER","CHESILXEDS0","240-107-013","202-107-013"
"IL","CHILLICOTHE","CHLCILXDDS0","240-112-003","202-112-003"
"IL","CLIFTON","CFTNILXADS0","240-104-008","202-104-008"
"IL","CLINTON","CLTNILXCDS0","240-111-005","202-111-005"
"IL","CUBA","CUBAILXDDS0","240-112-012","202-112-012"
"IL","DEKALB","DKLBILXADS0","240-109-001","202-109-001"
"IL","DEKALB CML GATEWAY","DKLBILXA3ED","240-111-018","202-111-018"
"IL","DUNLAP","DNLPILXDDS0","240-112-002","202-112-002"
"IL","DUQUOIN","DUQNILXEDS0","240-107-015","202-107-015"
"IL","ELDORADO","ELRDILXEDS0","240-107-007","202-107-007"
"IL","EUREKA","EURKILXDDS0","240-112-005","202-112-005"
"IL","FAIRBURY","FRBRILXADS0","240-111-015","202-111-015"
"IL","FAIRFIELD","FRFDILXEDS0","240-106-004","202-106-004"
"IL","FARMER CITY","FMCYILXDDS0","240-111-001","202-111-001"
"IL","FLORA","FLORILXEDS0","240-106-010","202-106-010"
"IL","FREEPORT","FRPTILXADS0","240-104-001","202-104-001"
"IL","GALVA","GALVILXDDS0","240-112-001","202-112-001"
"IL","GOLCONDA","GLCNILXEDS1","240-107-012","202-107-012"
"IL","GRANVILLE","GRVIILXADS0","240-104-009","202-104-009"
"IL","HARRISBURG","HRBGILXEDS0","240-107-008","202-107-008"
"IL","HECKER","HCKRILXEDS0","240-108-006","202-108-006"
"IL","HERRIN","HRRNILXEDS0","240-107-002","202-107-002"
"IL","HIGHLAND","HGLDILXEDS0","240-108-001","202-108-001"
"IL","HUTSONVILLE","HTSVILXEDS0","240-106-007","202-106-007"
"IL","JACKSONVILLE 1","JCVLILXCDS0","240-110-002","202-110-002"
"IL","JACKSONVILLE 2","JCVLILXCDS1","240-110-004","202-110-004"
"IL","KEWANEE","KEWNILXDDS0","240-112-008","202-112-008"
"IL","LADD","LADDILXADS0","240-112-013","202-112-013"
"IL","LAWRENCEVILLE","LRVLILXEDS0","240-106-002","202-106-002"
"IL","LINCOLN","LNCLILXC01W","240-100-000","202-100-000"
"IL","LINCOLN","LNCLILXCDS0","240-111-006","202-111-006"
"IL","MACOMB","MCMBILXDDS0","240-115-222","202-115-222"
"IL","MAHOMET","MHMTILXCDS0","240-111-012","202-111-012"
"IL","MARION","MARNILXE01W","240-103-000","202-103-000"
"IL","MARION MAIN","MARNILXEDS0","240-107-003","202-107-003"
"IL","MARSHALL","MRSHILXCDS0","240-105-006","202-105-006"
"IL","MASCOUTAH","MSCTILXEDS0","240-108-003","202-108-003"
"IL","MCLEANSBORO","MCBOILXEDS0","240-106-012","202-106-012"
"IL","MENDOTA","MNDTILXADS0","240-112-006","202-112-006"
"IL","METROPOLIS","MTRPILXEDS2","240-107-009","202-107-009"
"IL","MILFORD","MLFRILXADS0","240-104-010","202-104-010"
"IL","MONTICELLO","MNTIILXCDS0","240-111-009","202-111-009"
"IL","MORTON","MRTNILXDDS2","240-112-010","202-112-010"
"IL","MOUNT CARMEL","MTCRILXEDS2","240-106-009","202-106-009"
"IL","MOUNT ZION","MTZNILXCDS2","240-110-005","202-110-005"
"IL","MURPHYSBORO","MRBOILXEDS0","240-107-011","202-107-011"
"IL","NEPONSET","NPNSILXDDS0","240-112-014","202-112-014"
"IL","NEW HAVEN","NWHNILXEDS0","240-106-014","202-106-014"
"IL","NEW MILFORD","NMFRILXADS0","240-104-003","202-104-003"
"IL","NEWTON","NWTNILXEDS0","240-106-001","202-106-001"
"IL","NORRIS CITY","NRCYILXEDS0","240-106-015","202-106-015"
"IL","OLNEY","OLNYILXEDS0","240-106-003","202-106-003"
"IL","PALESTINE","PLSTILXEDS0","240-106-016","202-106-016"
"IL","PARIS","PARSILXCDS0","240-115-013","202-115-013"
"IL","PERCY","PERCILXEDS0","240-107-014","202-107-014"
"IL","PINCKNEYVILLE","PYVLILXEDS0","240-107-016","202-107-016"
"IL","PITTSFIELD","PTFDILXCDS0","240-110-001","202-110-001"
"IL","PONTIAC","PNTCILXADS0","240-111-007","202-111-007"
"IL","PRINCETON","PRTNILXADS0","240-112-004","202-112-004"
"IL","PUTNAM","PTNMILXDDS0","240-112-015","202-112-015"
"IL","RALEIGH","RLGHILXEDS0","240-107-017","202-107-017"
"IL","RANTOUL","RNTLILXCDS0","240-111-010","202-111-010"
"IL","ROANOKE","RONKILXDDS0","240-112-011","202-112-011"
"IL","ROBINSON","RBSNILXEDS0","240-106-005","202-106-005"
"IL","ROCHELLE","RCHEILXADS0","240-109-003","202-109-003"
"IL","ROSCOE","ROSCILXADS0","240-104-004","202-104-004"
"IL","SANDWICH","SNDWILXADS0","240-104-005","202-104-005"
"IL","SPARTA","SPRTILXEDS0","240-107-006","202-107-006"
"IL","STREATOR","STRTILXADS0","240-111-008","202-111-008"
"IL","SUNNYLAND","SNLDILXDDS0","240-112-007","202-112-007"
"IL","SYCAMORE","SYCMILXADS0","240-109-002","202-109-002"
"IL","TOLONO","TLONILXCDS0","240-111-017","202-111-017"
"IL","TUSCOLA","TSCLILXCDS0","240-111-014","202-111-014"
"IL","VIRDEN","VRDNILXCDS0","240-110-003","202-110-003"
"IL","WALNUT","WLNTILXADS0","240-112-016","202-112-016"
"IL","WENDELIN","WNDNILXEDS0","240-106-017","202-106-017"
"IL","WEST FRANKFORT","WFFTILXEDS0","240-107-010","202-107-010"
"IL","WEST SALEM","WSLMILXEDS0","240-106-018","202-106-018"
"IL","WONDER LAKE","WNLKILXADS0","240-104-006","202-104-006"
"IN","AKRON","AKRNINXADS0","240-115-003","202-115-003"
"IN","ANGOLA","ANGLINXADS0","240-117-020","202-117-020"
"IN","BOURBON","BRBNINXADS0","240-116-009","202-116-009"
"IN","BRAZIL","BRZLINXBDS0","240-105-004","202-105-004"
"IN","BURKET","BRKTINXADS0","240-116-010","202-116-010"
"IN","CHESTERTON","CHTNINXADS0","240-116-008","202-116-008"
"IN","CONNERSVILLE","CSVLINXADS0","240-118-002","202-118-002"
"IN","CORYDON","CYDNINXADS0","240-113-003","202-113-003"
"IN","DELPHI","DLPHINXADS0","240-115-002","202-115-002"
"IN","ELKHART MAIN 1","EKHTINXADS0","240-116-021","202-116-021"
"IN","ELKHART MAIN 2","EKHTINXADS1","240-116-024","202-116-024"
"IN","ELKHART NORTH 1","EKHTINXBDS0","240-116-022","202-116-022"
"IN","FARMLAND","FMLDINXADS0","240-118-004","202-118-004"
"IN","FORT WAYNE LNP","FTWYINXA09W","240-127-001","202-127-001"
"IN","FORT WAYNE MAIN 1","FTWYINXADS1","240-117-002","202-117-002"
"IN","FORT WAYNE MAIN 2","FTWYINXADS3","240-115-152","202-115-152"
"IN","FORT WAYNE NDB","FTWYINXAA04","240-114-009","202-114-009"
"IN","FORT WAYNE NORTH 1","FTWYINXFDS0","240-117-003","202-117-003"
"IN","FORT WAYNE NORTHEAST","FTWYINXGDS2","240-117-004","202-117-004"
"IN","FORT WAYNE NORTHWEST","FTWYINXBDS0","240-117-005","202-117-005"
"IN","FORT WAYNE SOUTH","FTWYINXCDS0","240-117-006","202-117-006"
"IN","FORT WAYNE SOUTHEAST","FTWYINXDDS0","240-117-007","202-117-007"
"IN","FORT WAYNE STP","FTWYINXA02W","240-127-000","202-127-000"
"IN","FORT WAYNE WAYNEDALE","FTWYINXEDS0","240-117-008","202-117-008"
"IN","FORT WAYNE WEST","FTWYINXLDS0","240-117-009","202-117-009"
"IN","GARRETT LNP","GRRTINXA03W","240-128-001","202-128-001"
"IN","GARRETT NDB","GRRTINXAA04","240-114-010","202-114-010"
"IN","GARRETT STP","GRRTINXA01W","240-128-000","202-128-000"
"IN","GOSHEN 1","GSHNINXADS0","240-116-023","202-116-023"
"IN","GREENCASTLE","GNCSINXADS0","240-115-045","202-115-045"
"IN","HOBART","HBRTINXADS0","240-116-001","202-116-001"
"IN","HUNTINGBURG","HGBGINXADS0","240-123-007","202-123-007"
"IN","JASPER","JSPRINXADS0","240-113-001","202-113-001"
"IN","LAFAYETTE EAST 1","LFYTINXCDS0","240-115-047","202-115-047"
"IN","LAFAYETTE MAIN 1","LFYTINXADS0","240-115-046","202-115-046"
"IN","LAFAYETTE NORTHWEST 1","LFYTINXDDS0","240-115-048","202-115-048"
"IN","LAFAYETTE SOUTH 1","LFYTINXFDS0","240-115-049","202-115-049"
"IN","LAFAYETTE SOUTH 2","LFYTINXFDS1","240-115-050","202-115-050"
"IN","LAFAYETTE WEST","LFYTINXBDS0","240-115-052","202-115-052"
"IN","LAKE STATION","LKSTINXADS0","240-116-002","202-116-002"
"IN","LAPORTE MAIN","LAPTINXCDS0","240-116-005","202-116-005"
"IN","LOGANSPORT","LGPTINXADS0","240-115-051","202-115-051"
"IN","LOOGOOTEE","LOGTINXADS1","240-123-004","202-123-004"
"IN","MACY","MACYINXADS0","240-115-004","202-115-004"
"IN","MENTONE","MNTNINXBDS0","240-116-011","202-116-011"
"IN","MITCHELL","MTCHINXADS0","240-123-005","202-123-005"
"IN","NEW HAVEN","NWHNINXADS0","240-117-013","202-117-013"
"IN","NORTH MANCHESTER","NMCHINXADS0","240-117-021","202-117-021"
"IN","NORTH VERNON","NVRNINXADS0","240-123-002","202-123-002"
"IN","PAOLI","PAOLINXADS0","240-123-006","202-123-006"
"IN","PENDLETON","PNTNINXADS0","240-115-015","202-115-015"
"IN","PETERSBURG","PTBGINXBDS0","240-123-003","202-123-003"
"IN","PORTAGE MAIN","PRTGINXADS0","240-116-003","202-116-003"
"IN","PORTAGE NORTH","PRTGINXBDS0","240-116-007","202-116-007"
"IN","PRINCETON","PRTNINXADS0","240-113-002","202-113-002"
"IN","RICHMOND","RCMDINXBDS1","240-118-005","202-118-005"
"IN","RUSHVILLE","RUVLINXBDS0","240-118-003","202-118-003"
"IN","SEYMOUR","SYMRINXADS0","240-123-001","202-123-001"
"IN","SIDNEY","SDNYINXADS0","240-117-023","202-117-023"
"IN","TERRE HAUTE MAIN","TRRHINXADS2","240-105-005","202-105-005"
"IN","TERRE HAUTE NORTH","TRRHINXCDS0","240-105-003","202-105-003"
"IN","TERRE HAUTE SOUTH 1","TRRHINXBDS0","240-105-002","202-105-002"
"IN","VALPARAISO","VLPRINXADS1","240-116-006","202-116-006"
"IN","WABASH","WBSHINXADS0","240-117-022","202-117-022"
"IN","WESTFIELD MAIN","WSFDINXADS0","240-115-014","202-115-014"
"IN","WHEELER","WHLRINXADS0","240-116-004","202-116-004"
"IN","WINDFALL","WNFLINXADS0","240-115-009","202-115-009"
"MI","ADAMSVILLE","ADVLMIXGDS1","240-122-019","202-122-019"
"MI","ADDISON","ADSNMIXIDS0","240-121-027","202-121-027"
"MI","ADRIAN","ADRNMIXGDS0","240-121-001","202-121-001"
"MI","ALGER","ALGRMIXJDS0","240-120-005","202-120-005"
"MI","ALLEGAN","ALLGMIXGDS0","240-122-006","202-122-006"
"MI","ALMA","ALMAMIXGDS0","240-120-007","202-120-007"
"MI","ALMA 2","ALMAMIXGDS1","240-115-053","202-115-053"
"MI","ALMONT","ALMTMIXGDS1","240-121-020","202-121-020"
"MI","ALPENA","ALPEMIXGDS0","240-120-001","202-120-001"
"MI","AVOCA","AVOCMIXGDS0","240-121-019","202-121-019"
"MI","BANGOR","BNGRMIXGDS0","240-122-021","202-122-021"
"MI","BELLAIRE","BLLRMIXGDS0","240-122-016","202-122-016"
"MI","BRIDGMAN","BRDGMIXIDS1","240-122-017","202-122-017"
"MI","CAPAC","CPACMIXHDS0","240-121-021","202-121-021"
"MI","CASEVILLE","CSVLMIXHDS0","240-120-004","202-120-004"
"MI","CASS CITY","CSCYMIXGDS0","240-120-012","202-120-012"
"MI","CASSOPOLIS","CSPLMIXGDS0","240-122-034","202-122-034"
"MI","COLDWATER","CDWRMIXGDS0","240-122-002","202-122-002"
"MI","COLUMBIAVILLE","CBVLMIXGDS0","240-121-010","202-121-010"
"MI","DAVISON","DVSNMIXGDS0","240-121-011","202-121-011"
"MI","DE WITT","DWTTMIXGDS0","240-121-012","202-121-012"
"MI","DECATUR","DCTRMIXGDS0","240-122-026","202-122-026"
"MI","DECKERVILLE","DCVLMIXGDS0","240-122-022","202-122-022"
"MI","DOWAGIAC","DWGCMIXGDS0","240-122-004","202-122-004"
"MI","DRYDEN","DRYDMIXGDS1","240-121-022","202-121-022"
"MI","EDMORE","EDMRMIXGDS0","240-120-013","202-120-013"
"MI","EDWARDSBURG","EDWRMIXGDS1","240-122-001","202-122-001"
"MI","ELKTON","EKTNMIXGDS0","240-122-024","202-122-024"
"MI","FAIRVIEW","FRVWMIXGDS0","240-120-017","202-120-017"
"MI","FENNVILLE","FNVLMIXGDS0","240-122-030","202-122-030"
"MI","GANGES","GNGSMIXGDS0","240-122-031","202-122-031"
"MI","GAYLORD","GYLRMIXGDS0","240-120-002","202-120-002"
"MI","GOBLES","GBLSMIXGDS0","240-122-020","202-122-020"
"MI","GRAND LEDGE","GRLDMIXGDS0","240-121-003","202-121-003"
"MI","GRASS LAKE","GRLKMIXGDS0","240-121-037","202-121-037"
"MI","GRAYLING","GRYLMIXGDS0","240-120-003","202-120-003"
"MI","GREGORY","GRGRMIXIDS0","240-121-036","202-121-036"
"MI","HAMILTON","HMTNMIXGDS0","240-122-033","202-122-033"
"MI","HARBOR BEACH","HRBHMIXGDS0","240-122-023","202-122-023"
"MI","HARTFORD","HRFRMIXGDS0","240-122-025","202-122-025"
"MI","HOMER","HOMRMIXJDS0","240-121-038","202-121-038"
"MI","HOWARD CITY","HWCYMIXGDS0","240-122-018","202-122-018"
"MI","HUDSON","HDSNMIXHDS3","240-121-028","202-121-028"
"MI","IMLAY CITY","IMCYMIXHDS0","240-121-013","202-121-013"
"MI","JEDDO","JDDOMIXGDS0","240-121-016","202-121-016"
"MI","LAMBERTVILLE","LMVLMIXIDS0","240-121-004","202-121-004"
"MI","LAWRENCE","LWRNMIXIDS0","240-122-039","202-122-039"
"MI","LAWTON","LWTNMIXGDS0","240-122-035","202-122-035"
"MI","LUDINGTON","LDNGMIXGDS0","240-122-014","202-122-014"
"MI","LUPTON","LPTNMIXJDS0","240-120-006","202-120-006"
"MI","MATTAWAN","MTWNMIXGDS0","240-122-038","202-122-038"
"MI","MEMPHIS","MMPHMIXGDS0","240-121-023","202-121-023"
"MI","METAMORA","MTMOMIXGDS0","240-121-024","202-121-024"
"MI","MILFORD","MLFRMIXEDS0","240-121-005","202-121-005"
"MI","MINDEN CITY","MNCYMIXGDS0","240-122-027","202-122-027"
"MI","MIO","MIO MIXGDS0","240-120-018","202-120-018"
"MI","MORENCI","MRNCMIXIDS0","240-121-029","202-121-029"
"MI","MOUNT PLEASANT","MNPLMIXGDS0","240-120-011","202-120-011"
"MI","MUNITH","MNTHMIXIDS0","240-121-031","202-121-031"
"MI","MUSKEGON","MSKGMIXK01W","240-124-000","202-124-000"
"MI","MUSKEGON EAST","MSKGMIXNDS0","240-122-007","202-122-007"
"MI","MUSKEGON HEIGHTS","MSKHMIXPDS0","240-122-015","202-122-015"
"MI","MUSKEGON LAKESIDE","MSKGMIXRDS0","240-122-008","202-122-008"
"MI","MUSKEGON MAIN","MSKGMIXKDS1","240-122-013","202-122-013"
"MI","MUSKEGON NORTH","MSKGMIXLDS0","240-122-010","202-122-010"
"MI","ONONDAGA","ONDGMIXIDS0","240-121-035","202-121-035"
"MI","ORTONVILLE","ORVLMIXGDS0","240-121-025","202-121-025"
"MI","OSSINEKE","OSNKMIXGDS0","240-120-010","202-120-010"
"MI","OWOSSO","OWSOMIXHDS0","240-120-009","202-120-009"
"MI","PARMA","PARMMIXJDS0","240-121-030","202-121-030"
"MI","PAW PAW","PWPWMIXGDS0","240-122-037","202-122-037"
"MI","PRESCOTT","PRSCMIXPDS1","240-120-019","202-120-019"
"MI","READING","RDNGMIXGDS0","240-121-018","202-121-018"
"MI","RICHMOND","RCMDMIXGDS0","240-121-014","202-121-014"
"MI","RIVES JUNCTION","RVJTMIXIDS0","240-121-032","202-121-032"
"MI","ROGERS CITY","RGCYMIXGDS0","240-120-014","202-120-014"
"MI","ROSCOMMON-SKYLINE","RSCMMIXHDS0","240-120-015","202-120-015"
"MI","ROSE CITY","RSCYMIXJDS0","240-120-016","202-120-016"
"MI","SALINE","SALNMIXGDS0","240-121-006","202-121-006"
"MI","SAUGATUCK","SGTCMIXGDS0","240-122-036","202-122-036"
"MI","SMITHS CREEK","SMCKMIXGDS0","240-121-017","202-121-017"
"MI","SOUTH HAVEN","SOHNMIXHDS0","240-122-005","202-122-005"
"MI","ST. JOHNS","STJHMIXGDS0","240-120-008","202-120-008"
"MI","STERLING","STNGMIXJDS0","240-120-020","202-120-020"
"MI","STOCKBRIDGE","STBRMIXIDS0","240-121-033","202-121-033"
"MI","STURGIS","STRGMIXGDS0","240-122-012","202-122-012"
"MI","SWARTZ CREEK","SWCRMIXGDS0","240-121-007","202-121-007"
"MI","TECUMSEH","TCMSMIXGDS0","240-121-002","202-121-002"
"MI","TEMPERANCE","TMPRMIXGDS0","240-121-008","202-121-008"
"MI","THREE RIVERS","THRRMIXTDS0","240-122-003","202-122-003"
"MI","THREE RIVERS","THRRMIXT01W","240-125-000","202-125-000"
"MI","UNION","UNINMIXGDS0","240-122-028","202-122-028"
"MI","VANDALIA","VANDMIXGDS0","240-122-032","202-122-032"
"MI","WEBBERVILLE","WBVLMIXJDS0","240-121-034","202-121-034"
"MI","WHITE LAKE","WHLKMIXGDS0","240-121-009","202-121-009"
"MI","WHITEHALL","WHTHMIXGDS0","240-122-011","202-122-011"
"MI","WILLIAMSTON","WMTNMIXGDS0","240-121-015","202-121-015"
"MI","WOODLAND","WDLDMIXGDS0","240-122-029","202-122-029"
"MI","YALE","YALEMIXGDS2","240-121-026","202-121-026"
"NC","ANDREWS","ANDRNCXADS0","240-135-006","202-135-006"
"NC","CREEDMOOR","CRDMNCXMDS0","240-133-057","202-133-057"
"NC","DURHAM","DRHMNCXM19W","240-129-000","202-129-000"
"NC","DURHAM ANGIER","DRHMNCXDDS0","240-133-054","202-133-054"
"NC","DURHAM BENNETT","DRHMNCXGDS0","240-133-061","202-133-061"
"NC","DURHAM BRAGTOWN","DRHMNCXTDS0","240-133-088","202-133-088"
"NC","DURHAM HOLT","DRHMNCXC47F","240-133-056","202-133-056"
"NC","DURHAM LAKEWOOD","DRHMNCXB48F","240-133-055","202-133-055"
"NC","DURHAM MAIN 1","DRHMNCXM68F","240-133-058","202-133-058"
"NC","DURHAM MAIN 2","DRHMNCXMDS0","240-133-084","202-133-084"
"NC","DURHAM NELSON","DRHMNCXHDS0","240-133-060","202-133-060"
"NC","DURHAM PARKWOOD","DRHMNCXEDS0","240-133-059","202-133-059"
"NC","DURHAM TRIANGLE","DRHMNCXF19W","240-130-000","202-130-000"
"NC","DURHAM WATTS","DRHMNCXADS0","240-133-091","202-133-091"
"NC","FRANKLIN","FKLNNCXADS0","240-135-011","202-135-011"
"NC","MARION","MARNNCXBDS0","240-135-003","202-135-003"
"NC","MONROE","MONRNCXADS0","240-135-001","202-135-001"
"NC","MURPHY","MRPHNCXBDS0","240-135-004","202-135-004"
"NC","SYLVA","SYLVNCXADS0","240-135-002","202-135-002"
"NC","WEAVERVILLE","WVVLNCXADS0","240-135-010","202-135-010"
"NV","GARDNERVILLE","GRDVNVXADS0","240-020-001","202-020-001"
"NV","STATELINE","STLNNVXF58E","240-020-005","202-020-005"
"OH","ARLINGTON","ARTNOHXADS0","240-164-015","202-164-015"
"OH","ASHLAND","ASLDOHXBDS0","240-164-007","202-164-007"
"OH","ATHENS","ATHNOHXADS0","240-162-015","202-162-015"
"OH","BALTIMORE","BLTMOHXADS0","240-162-025","202-162-025"
"OH","BOWLING GREEN","BWLGOHXADS0","240-164-004","202-164-004"
"OH","BRUNSWICK","BRWKOHXADS0","240-162-003","202-162-003"
"OH","BRYAN","BRYNOHXADS0","240-164-011","202-164-011"
"OH","BYESVILLE","BYVLOHXADS2","240-162-010","202-162-010"
"OH","CADIZ","CADZOHXADS0","240-162-011","202-162-011"
"OH","CAMBRIDGE","CMBROHXBDS0","240-162-012","202-162-012"
"OH","CARROLLTON","CRTNOHXADS0","240-162-007","202-162-007"
"OH","CELINA","CELNOHXADS0","240-164-001","202-164-001"
"OH","CHESAPEAKE","CHSKOHXADS0","240-162-016","202-162-016"
"OH","CIRCLEVILLE","CRVLOHXADS0","240-162-013","202-162-013"
"OH","CLYDE","CLYDOHXADS0","240-164-006","202-164-006"
"OH","COOPERDALE","CPDLOHXCDS0","240-162-005","202-162-005"
"OH","CURTICE-OREGON","CRTCOHXADS0","240-164-016","202-164-016"
"OH","DELAWARE","DLWROHXA01W","240-160-000","202-160-000"
"OH","DELAWARE","DLWROHXADS0","240-162-021","202-162-021"
"OH","GALION","GLINOHXADS0","240-164-014","202-164-014"
"OH","GARRETTSVILLE","GRVLOHXADS2","240-161-002","202-161-002"
"OH","GEORGETOWN","GRTWOHXADS0","240-163-001","202-163-001"
"OH","GREENFIELD","GNFDOHXADS0","240-163-003","202-163-003"
"OH","JACKSON","JCSNOHXADS0","240-162-026","202-162-026"
"OH","LODI","LODIOHXADS0","240-162-002","202-162-002"
"OH","LOGAN","LOGNOHXADS0","240-162-014","202-162-014"
"OH","LUCASVILLE","LUVLOHXADS0","240-162-018","202-162-018"
"OH","MARION","MARNOHXC01W","240-159-000","202-159-000"
"OH","MARION MAIN","MARNOHXCDS1","240-162-024","202-162-024"
"OH","MARION TOPS","MARNOHXC51T","240-115-097","202-115-097"
"OH","MARION WILSON","MARNOHXBDS0","240-162-020","202-162-020"
"OH","MCCOMB","MCCMOHXBDS2","240-164-017","202-164-017"
"OH","MECHANICSBURG","MCBGOHXADS0","240-163-008","202-163-008"
"OH","MEDINA","MEDNOHXBDS0","240-162-004","202-162-004"
"OH","MILAN","MILNOHXADS0","240-164-018","202-164-018"
"OH","MINERVA","MNRVOHXADS0","240-162-006","202-162-006"
"OH","MONTPELIER","MTPLOHXADS0","240-164-012","202-164-012"
"OH","MONTROSE","MTRSOHXADS0","240-162-023","202-162-023"
"OH","NEW PHILADELPHIA MAIN","NWPHOHXADS0","240-162-008","202-162-008"
"OH","NEW PHILADELPHIA SOUTH","NWPHOHXBDS2","240-162-009","202-162-009"
"OH","NORWALK","NRWLOHXADS0","240-164-003","202-164-003"
"OH","OBERLIN","OBRLOHXADS1","240-161-001","202-161-001"
"OH","OXFORD","OXFROHXADS0","240-163-007","202-163-007"
"OH","PIKETON","PKTNOHXADS0","240-162-017","202-162-017"
"OH","PLAIN CITY","PNCYOHXADS0","240-162-028","202-162-028"
"OH","POMEROY","PMRYOHXADS0","240-162-027","202-162-027"
"OH","PORT CLINTON MAIN","PCTNOHXADS0","240-164-010","202-164-010"
"OH","PORTSMOUTH","PTMOOHXADS0","240-162-019","202-162-019"
"OH","SPENCERVILLE","SNVLOHXADS0","240-164-002","202-164-002"
"OH","ST. MARYS","STMYOHXADS0","240-164-013","202-164-013"
"OH","SYLVANIA","SYVNOHXADS0","240-164-009","202-164-009"
"OH","SYLVANIA MCCORD","SYVNOHXBDS0","240-164-005","202-164-005"
"OH","TILTONSVILLE","TLVLOHXADS0","240-162-031","202-162-031"
"OH","TIPP CITY","TPCYOHXADS0","240-163-006","202-163-006"
"OH","TROTWOOD","TRWDOHXADS0","240-163-004","202-163-004"
"OH","TROY","TROYOHXADS0","240-163-005","202-163-005"
"OH","WADSWORTH","WSWOOHXADS0","240-162-030","202-162-030"
"OH","WAVERLY","WVRLOHXADS0","240-162-022","202-162-022"
"OH","WELLINGTON","WGTNOHXADS0","240-161-003","202-161-003"
"OH","WEST UNION","WUNNOHXADS0","240-163-009","202-163-009"
"OH","WILLARD","WLRDOHXADS0","240-164-008","202-164-008"
"OH","WILMINGTON","WLMGOHXBDS0","240-163-002","202-163-002"
"OR","ALOHA","ALOHORXXDS1","240-054-011","202-054-011"
"OR","AUMSVILLE","AMVLORXXDS0","240-054-017","202-054-017"
"OR","BANDON","BNDNORXXDS0","240-055-004","202-055-004"
"OR","BEAVERTON","BVTNORXB00W","240-052-000","202-052-000"
"OR","BEAVERTON 1","BVTNORXBDS1","240-054-005","202-054-005"
"OR","BEAVERTON 2","BVTNORXBDS2","240-054-001","202-054-001"
"OR","BROOKINGS","BKNGORXXDS1","240-055-020","202-055-020"
"OR","BULL MOUNTAIN","TGRDORXCDS0","240-054-021","202-054-021"
"OR","CLATSKANIE","CLTSORXADS1","240-054-018","202-054-018"
"OR","COOS BAY","CSBYORXXDS1","240-055-016","202-055-016"
"OR","COQUILLE","CQLLORXXDS0","240-055-001","202-055-001"
"OR","DAYTON","DYTNORXADS0","240-054-026","202-054-026"
"OR","ENTERPRISE","ENTRORXXDS1","240-054-019","202-054-019"
"OR","FOREST GROVE 1","FRGVORXXCG0","240-054-002","202-054-002"
"OR","GOLD BEACH","GLBHORXXDS0","240-055-002","202-055-002"
"OR","GRESHAM","GRHMORXBCG1","240-054-003","202-054-003"
"OR","HILLSBORO","HLBOORXBDS1","240-054-004","202-054-004"
"OR","JOSEPH","JSPHORXXDS1","240-054-020","202-054-020"
"OR","LAGRANDE","LAGRORXBDS1","240-055-013","202-055-013"
"OR","LAKESIDE","LKSDORXXDS1","240-055-005","202-055-005"
"OR","MCMINNVILLE","MMVLORXXDS1","240-054-009","202-054-009"
"OR","MILL CITY","MLCYORXADS0","240-054-030","202-054-030"
"OR","MURPHY","MRPHORXXDS0","240-055-006","202-055-006"
"OR","NEWBERG 1","NWBRORXADS1","240-054-010","202-054-010"
"OR","PROVOLT","PRVTORXXDS0","240-055-007","202-055-007"
"OR","REEDSPORT","RDPTORXXDS0","240-055-003","202-055-003"
"OR","SANDY","SNDYORXADS2","240-054-016","202-054-016"
"OR","SHERWOOD","SHWDORXADS0","240-054-015","202-054-015"
"OR","SILVERTON","SLTNORXADS0","240-054-012","202-054-012"
"OR","SOMERSET WEST","SMRWORXADS1","240-054-006","202-054-006"
"OR","SUNNYSIDE","SNSDORXXDS0","240-054-025","202-054-025"
"OR","TIGARD","TGRDORXA00W","240-053-000","202-053-000"
"OR","TIGARD","TGRDORXACG0","240-054-007","202-054-007"
"OR","TUALATIN","TULTORXADS0","240-054-022","202-054-022"
"OR","TURNER","TRNRORXADS0","240-054-032","202-054-032"
"OR","YAM HILL","YMHLORXADS0","240-054-027","202-054-027"
"SC","ABBEVILLE","ABVLSCXADS0","240-138-002","202-138-002"
"SC","ANDREWS","ANDRSCXADS0","240-137-007","202-137-007"
"SC","BOWMAN","BWMNSCXADS0","240-137-025","202-137-025"
"SC","CALHOUN FALLS","CLFLSCXADS0","240-138-012","202-138-012"
"SC","CONWAY","CNWYSCXA24E","240-137-001","202-137-001"
"SC","EHRHARDT","EHRHSCXA26E","240-137-018","202-137-018"
"SC","FAIRFAX","FRFXSCXADS0","240-137-017","202-137-017"
"SC","GEORGETOWN","GRTWSCXADS0","240-137-006","202-137-006"
"SC","HEMINGWAY","HMNGSCXADS0","240-137-023","202-137-023"
"SC","HOLLYWOOD","HLWDSCXADS1","240-138-004","202-138-004"
"SC","JACKSON","JCSNSCXADS1","240-137-012","202-137-012"
"SC","JOHNSONVILLE","JSVLSCXADS0","240-137-009","202-137-009"
"SC","KINGSTREE","KGTRSCXADS0","240-137-024","202-137-024"
"SC","LAKE CITY","LKCYSCXA39A","240-137-010","202-137-010"
"SC","LAMAR","LAMRSCXA32E","240-137-022","202-137-022"
"SC","LAURENS","LRNSSCXCDS0","240-138-010","202-138-010"
"SC","MCCORMICK","MCCRSCXBDS0","240-138-003","202-138-003"
"SC","MYRTLE BEACH","MYBHSCXM01W","240-139-000","202-139-000"
"SC","MYRTLE BEACH LONG BAY","MYBHSCXC23E","240-137-002","202-137-002"
"SC","MYRTLE BEACH MAIN 1","MYBHSCXM44E","240-137-003","202-137-003"
"SC","MYRTLE BEACH OCEAN VIEW","MYBHSCXB44E","240-137-004","202-137-004"
"SC","MYRTLE BEACH TOLL","MYBHSCAFDS0","240-137-008","202-137-008"
"SC","MYRTLE BEACH WINDY HILL","WNHLSCXADS0","240-137-005","202-137-005"
"SC","PAMPLICO","PMPLSCXADS0","240-137-011","202-137-011"
"SC","PAMPLICO","PMPLSCXA01W","240-140-000","202-140-000"
"SC","SIMPSONVILLE","SSVLSCXADS0","240-138-001","202-138-001"
"SC","SUMTER","SMTRSCXA77E","240-137-015","202-137-015"
"SC","WALTERBORO","WLBOSCXCDS0","240-137-020","202-137-020"
"SC","WINNSBORO","WNBOSCXADS0","240-137-016","202-137-016"
"SC","YEMASSEE","YMSSSCXADS0","240-137-021","202-137-021"
"WA","ANACORTES","ANCRWAXXDS1","240-049-021","202-049-021"
"WA","ARLINGTON","ARTNWAXXDS1","240-049-005","202-049-005"
"WA","BIRCH BAY","BRBAWAXADS0","240-049-010","202-049-010"
"WA","BOTHELL","BOTHWAXBDS1","240-049-002","202-049-002"
"WA","BOTHELL","BOTHWAXB06W","240-058-000","202-058-000"
"WA","BREWSTER","BRWSWAXADS1","240-050-004","202-050-004"
"WA","BRIDGEPORT","BRPTWAXXDS1","240-050-003","202-050-003"
"WA","CAMAS","CAMSWAXXDS1","240-054-008","202-054-008"
"WA","CHELAN","CHLNWAXXDS1","240-050-005","202-050-005"
"WA","CONCRETE","CNCRWAXXDS0","240-049-011","202-049-011"
"WA","DEMING","DMNGWAXADS0","240-049-034","202-049-034"
"WA","EAST WENATCHEE","EWNCWAXADS1","240-050-001","202-050-001"
"WA","EVERETT","EVRTWAXA06W","240-057-000","202-057-000"
"WA","EVERETT CASINO","EVRTWAXCCG1","240-049-004","202-049-004"
"WA","EVERETT MAIN","EVRTWAXFCG0","240-049-006","202-049-006"
"WA","EVERETT PRIMARY CENTER","EVRTWAXADS1","240-049-001","202-049-001"
"WA","CS2K","EVRTWAXAPS0","240-049-039","202-049-039"
"WA","FERNDALE","FNDLWAXADS1","240-049-037","202-049-037"
"WA","HALLS LAKE","HLLKWAXXDS0","240-049-008","202-049-008"
"WA","JUANITA","JUNTWAXADS0","240-049-023","202-049-023"
"WA","KENNEWICK MAIN","KNWCWAXBDS1","240-050-011","202-050-011"
"WA","KENNEWICK-HIGHLANDS 1","KNWCWAXADS1","240-050-010","202-050-010"
"WA","KENNEWICK-HIGHLANDS 2","KNWCWAXADS2","240-050-009","202-050-009"
"WA","KIRKLAND","KRLDWAXXDS0","240-049-024","202-049-024"
"WA","LA CONNER","LACNWAXXDS0","240-049-035","202-049-035"
"WA","LAKE STEVENS","LKSTWAXADS1","240-049-013","202-049-013"
"WA","LYNDEN","LYNDWAXXDS1","240-049-025","202-049-025"
"WA","MANOR WAY","MRWYWAXACG0","240-049-014","202-049-014"
"WA","MANSON","MNSNWAXADS0","240-050-006","202-050-006"
"WA","MARYSVILLE","MYVIWAXXDS1","240-049-015","202-049-015"
"WA","MONROE","MONRWAXXDS1","240-049-016","202-049-016"
"WA","MOUNT VERNON MAIN","MTVRWAXFPSA","240-049-038","202-049-038"
"WA","MOUNT VERNON TOPS","MTVRWAXX05T","240-049-022","202-049-022"
"WA","NACHES","NCHSWAXXDS0","240-050-007","202-050-007"
"WA","NEWPORT","NWPTWAXXDS1","240-051-019","202-051-019"
"WA","OAK HARBOR","OKHRWAXXDS1","240-049-020","202-049-020"
"WA","PULLMAN","PLMNWAXXDS0","240-050-012","202-050-012"
"WA","QUINCY","QNCYWAXXDS1","240-050-008","202-050-008"
"WA","REDMOND","RDMDWAXADS1","240-049-007","202-049-007"
"WA","REPUBLIC","RPBLWAXADS0","240-050-014","202-050-014"
"WA","RICHLAND 1","RCLDWAXBDS1","240-050-013","202-050-013"
"WA","RICHMOND BEACH","RCBHWAXXDS1","240-049-017","202-049-017"
"WA","SAMMAMISH","SMSHWAXADS1","240-049-012","202-049-012"
"WA","SILVER LAKE","SLLKWAXADS1","240-049-018","202-049-018"
"WA","SKYKOMISH","SKYKWAXXDS0","240-049-026","202-049-026"
"WA","SNOHOMISH","SNHSWAXXDS1","240-049-019","202-049-019"
"WA","SOAP LAKE","SOLKWAXXDS1","240-050-015","202-050-015"
"WA","TONASKET","TNSKWAXADS0","240-050-016","202-050-016"
"WA","WASHOUGAL","WSHGWAXADS1","240-054-013","202-054-013"
"WA","WASHOUGAL RIVER","WSRVWAXADS1","240-054-028","202-054-028"
"WA","WENATCHEE","WNTCWAXXCG0","240-050-002","202-050-002"
"WA","WESTPORT","WSPTWAXADS0","240-049-036","202-049-036"
"WA","WOODLAND","WDLDWAXADS1","240-054-029","202-054-029"
"WI","ANTIGO","ANTGWIXADS0","240-222-007","202-222-007"
"WI","BRISTOL","BRSTWIXADS0","240-223-012","202-223-012"
"WI","BRODHEAD","BRHDWIXADS0","240-224-019","202-224-019"
"WI","CLINTON","CLTNWIXADS0","240-224-020","202-224-020"
"WI","COTTAGE GROVE","CTGVWIXADS0","240-224-015","202-224-015"
"WI","DARIEN","DARNWIXADS2","240-223-016","202-223-016"
"WI","DODGEVILLE","DGVLWIXADS0","240-224-002","202-224-002"
"WI","EAGLE RIVER","EGRVWIXADS0","240-222-015","202-222-015"
"WI","EDGERTON","EGTNWIXADS0","240-224-021","202-224-021"
"WI","LAKE MILLS","LKMLWIXADS0","240-223-010","202-223-010"
"WI","MARSHFIELD","MRFDWIXA01W","240-219-000","202-219-000"
"WI","MARSHFIELD","MRFDWIXADS0","240-222-014","202-222-014"
"WI","MAUSTON","MSTNWIXADS1","240-224-004","202-224-004"
"WI","MCFARLAND","MCFAWIXADS0","240-224-016","202-224-016"
"WI","MERRILL","MRRLWIXADS0","240-222-008","202-222-008"
"WI","MINOCQUA","MNCQWIXADS0","240-222-016","202-222-016"
"WI","OAKFIELD","OKFDWIXADS0","240-223-015","202-223-015"
"WI","OREGON","ORGNWIXADS0","240-224-014","202-224-014"
"WI","ORFORDVILLE","ORVLWIXADS0","240-224-022","202-224-022"
"WI","PLYMOUTH","PLMOWIXADS0","240-223-008","202-223-008"
"WI","PORTAGE","PRTGWIXADS0","240-224-011","202-224-011"
"WI","RANDOM LAKE","RNLKWIXADS0","240-223-006","202-223-006"
"WI","REEDSBURG","RDBGWIXADS0","240-224-017","202-224-017"
"WI","RICHLAND CENTER","RCCTWIXADS0","240-224-003","202-224-003"
"WI","SAUK CITY","SKCYWIXADS0","240-224-012","202-224-012"
"WI","SISTER BAY","SSBYWIXADS0","240-222-018","202-222-018"
"WI","SLINGER","SLNGWIXADS0","240-223-014","202-223-014"
"WI","SUN PRAIRIE","SNPRWIXADS0","240-224-001","202-224-001"
"WI","TOMAHAWK","TMHKWIXADS0","240-222-017","202-222-017"
"WI","TWO RIVERS","TWRVWIXADS0","240-223-011","202-223-011"
"WI","WALWORTH","WLWOWIXADS0","240-223-013","202-223-013"
"WI","WAUSAU","WAUSWIXA01W","240-220-000","202-220-000"
"WI","WAUSAU MAIN","WAUSWIXADS0","240-222-011","202-222-011"
"WI","WAUSAU NORTHWEST","WAUSWIXCDS0","240-222-013","202-222-013"
"WI","WAUSAU SCHOFIELD","WAUSWIXBDS0","240-222-002","202-222-002"
"WI","WISCONSIN DELLS","WIDLWIXADS0","240-224-013","202-224-013"
Sheet = "NtwkDiscl121509.pdf" December 15, 2009
-------------
"WCST","SWNAME","SWCLLI","OLDSPC","SPC","EFFDATE"
"WV","ANSTED","ANSTWVANDS0","246-213-014","202-213-014","2010-06-30"
"WV","BARBOURSVILLE","BAVLWVPEDS0","246-213-015","202-213-015","2010-06-30"
"WV","BECKLEY","BCKLWVWDDS0","246-213-013","202-213-013","2010-06-30"
"WV","BUCKHANNON","BCKHWVFLDS0","246-212-007","202-212-007","2010-06-30"
"WV","CHARLESTON","CHTNWVLEDS0","246-213-009","202-213-009","2010-06-30"
"WV","CHARLESTON 1","CHTNWVLEDS1","246-213-004","202-213-004","2010-06-30"
"WV","CHARLESTON 3","CHTNWVLEDS3","246-213-019","202-213-019","2010-06-30"
"WV","CHARLESTON STP","CHTNWVLE77W","246-210-000","202-210-000","2010-06-30"
"WV","CHARLESTON TANDEM","CLBGWVMA26T","246-212-003","202-212-003","2010-06-30"
"WV","CLARKSBURG","CLBGWVMAPLU","246-045-001","202-045-001","2010-06-30"
"WV","CLARKSBURG 1","CLBGWVMADS0","246-212-006","202-212-006","2010-06-30"
"WV","CLARKSBURG STP","CLBGWVMA77W","246-040-000","202-040-000","2010-06-30"
"WV","DUNBAR","DUNBWVDNDS0","246-213-010","202-213-010","2010-06-30"
"WV","DUNBAR STP","DUNBWVDN77W","246-211-000","202-211-000","2010-06-30"
"WV","ELKINS","EKNSWVDVDS0","246-212-010","202-212-010","2010-06-30"
"WV","FAIRMONT","FAMTWVMNDS0","246-212-011","202-212-011","2010-06-30"
"WV","FAYETTEVILLE","FYVLWVMPDS0","246-213-016","202-213-016","2010-06-30"
"WV","HUNTINGTON","HNTNWVDTDS0","246-213-002","202-213-002","2010-06-30"
"WV","KANAWHA CITY","KNCYWVVBDS0","246-213-005","202-213-005","2010-06-30"
"WV","KEYSER","KYSRWVMRDS0","246-203-008","202-203-008","2010-06-30"
"WV","KINGWOOD","KGWDWVMCDS0","246-212-012","202-212-012","2010-06-30"
"WV","LEWISBURG","LWBGWVMWDS0","246-213-011","202-213-011","2010-06-30"
"WV","LOGAN","LOGNWVHCDS0","246-213-007","202-213-007","2010-06-30"
"WV","MARTINSBURG","MRBGWVBUDS0","246-203-005","202-203-005","2010-06-30"
"WV","MORGANTOWN","MGTWWVFYDS0","246-212-005","202-212-005","2010-06-30"
"WV","MORGANTOWN STP","MGTWWVFY77W","246-041-000","202-041-000","2010-06-30"
"WV","MOUNDSVILLE","MNVLWVMODS0","246-212-013","202-212-013","2010-06-30"
"WV","MOUNT HOPE","MTHPWVTNDS0","246-213-017","202-213-017","2010-06-30"
"WV","NEW MARTINSVILLE","NWMRWVWZDS0","246-212-015","202-212-015","2010-06-30"
"WV","OAK HILL","OKHLWVCHDS0","246-213-018","202-213-018","2010-06-30"
"WV","PARKERSBURG","PRBGWVKTDS0","246-213-006","202-213-006","2010-06-30"
"WV","SOCHARLETN","SCTNWVSODS0","246-213-008","202-213-008","2010-06-30"
"WV","ST ALBANS","STALWVSADS0","246-213-012","202-213-012","2010-06-30"
"WV","SUNCREST","SNCRWVCLDS0","246-212-001","202-212-001","2010-06-30"
"WV","WEIRTON","WRTNWVDWDS0","246-212-002","202-212-002","2010-06-30"
"WV","WHEELING","WLNGWVCPDS0","246-212-016","202-212-016","2010-06-30"
"WV","WOODSDALE","WDDLWVPRDS0","246-212-004","202-212-004","2010-06-30"
Sheet = "ND10-0001.pdf" March 11, 2010
-------------
"SWNAME","SWCLLI","SWTYPE","SWDESC","WCADDR","WCCITY","WCST","WCZIP"
"The Pentagon","PNTGVADFDS0","5ES","5ESS","100 Boundary Channel Drive","Arlington","VA","22202"
Sheet = "NtwkDisclBway4ESS.pdf" August 31, 2010
-------------
Sheet = "ND10-0021_LIDB.pdf" October 28, 2010
"SWNAME","SWCLLI","WCADDR","WCCITY","WCST","WCZIP","SWFUNC"
"33 Thomas St (tandem)","NYCMNYBW21T","33 Thomas Street","New York","NY","10007","TDM,ILT,FGB,FGD,IXC"
"204 Second Ave (tandem)","NYCMNY1306T","204 Second Avenue","New York","NY","10003","TDM,ILT,FGB,FGD,IXC"
-------------
"SWNAME","SWCLLI","SPC","SWFUNC"
"Cambridge LIDB","CMBRMABED03","247-100-030","LIDB"
"Brockton LIDB","BRTNMACOD03","247-100-040","LIDB"
"Ft. Washington LIDB","FTWSPAFWD22","246-012-020","LIDB"
"Jenkintown LIDB","JENKPAJKD12","246-012-021","LIDB"
Sheet = "ND11-0001_Bartonville.pdf" January 14, 2011
-------------
"WCADDR","SWCLLI","WCCITY","WCST","WCZIP"
"2070 E. Hickory Hill Road","BNVLTXXARS1","Argyle","TX","76226"
"309 W. Oak St.","DNTNTXXADS1","Denton","TX","76201"
Sheet = "Disclosure-Woodport-4-27.pdf" May 2, 2011
-------------
"WCCITY","WCST","SWCLLI","SWFUNC","SWTYPE","SWDESC","WCADDR","WCCITY","WCST","WCZIP"
"Woodport","NJ","WDPTNJWPDS5","","EWD","ESWD","181 Espanong Road","Woodport","NJ","07849"
"New Brunswick","NJ","NBWJNJNBPS1","EAT,LCL,FGB,FGD,TDM","-","CS 2000","18 Paterson Street","New Brunswick","NJ","08901"
Sheet = "NDLawrenceMA.pdf" May 10, 2011
-------------
"SWNAME","SWCLLI","SWFUNC","WCADDR","WCCITY","WCST","WCZIP"
"Lawrence, MA TOPS","LWRNMACA2GT","TOPS","2 Hampshire Street","Lawrence","MA","01840"
"Framingham, MA TOPS","FRMNMAUN2GT","TOPS","141 Union Avenue","Framingham","MA","01701"
Sheet = "ND_MD_Oct.pdf" October 13, 2011
-------------
"LATA","SWNAME","SWCLLI","MATE","SPC","WCADDR","WCCITY","WCST","WCZIP","SWFUNC"
"242","Easton STP","ESTNMDES77W","SLBRMDSB77W","246-091-000","40 S. Washington St.","Talbot","MD","21601","STP"
"242","Salisbury STP","SLBRMDSB77W","ESTNMDES77W","246-090-000","128E Church St.","Wicomico","MD","21801","STP"
"238","Baltimore STP","BLTMMDCH77W","PIVLMDPK77W","246-201-000","323 N. Charles St.","Baltimore","MD","21201","STP"
"238","Pikesville STP","PIVLMDPK77W","BLTMMDCH77W","246-200-000","400 Reisterstown Rd.","Pikesville","MD","21208","STP"
-------------
"SWNAME","SWCLLI","WCADDR","WCCITY","WCST","WCZIP","OLDSTP1","OLDSTP2","STP1","STP2","EFFDATE"
"Chestertown","CHRTMDCHDS0","119 Washington Ave","Kent","MD","21620","ESTNMDES77W","SLBRMDSB77W","BLTMMDCH77W","PIVLMDPK77W","2011-12-30"
"Cambridge","CMBRMDCMDS0","415 High St.","Dorchester","MD","21613","ESTNMDES77W","SLBRMDSB77W","BLTMMDCH77W","PIVLMDPK77W","2011-12-30"
"North Ocean City","OCCYMDONDS0","400 94th St.","Worcester","MD","21842","ESTNMDES77W","SLBRMDSB77W","BLTMMDCH77W","PIVLMDPK77W","2011-12-30"
"Salisbury","SLBRMDSBDS1","128E Church St.","Wicomico","MD","21801","ESTNMDES77W","SLBRMDSB77W","BLTMMDCH77W","PIVLMDPK77W","2011-12-30"
"Easton Tandem","ESTNMDES07T","40 S. Washington St.","Talbot","MD","21601","ESTNMDES77W","SLBRMDSB77W","BLTMMDCH77W","PIVLMDPK77W","2011-12-30"
"Salisbury Tandem","SLBRMDSB10T","128E Church St.","Wicomico","MD","21801","ESTNMDES77W","SLBRMDSB77W","BLTMMDCH77W","PIVLMDPK77W","2011-12-30"
Sheet = "ND10-0003.pdf" December 5, 2011
-------------
"WCST","SWNAME","SWCLLI","OLDSPC","SPC"
"AZ","PARKER","PRKRAZXCDS0","240-015-138","202-015-138"
"AZ","PARKER DAM","PRDMAZXCDS0","240-015-139","202-015-139"
"CA","BLYTHE","BLYTCAXF92K","240-015-077","202-015-077"
"CA","CRESCENT CITY","CRCYCAXFDS1","240-016-006","202-016-006"
"CA","SMITH RIVER","SMRVCAXFDS1","240-016-007","202-016-007"
"ID","BAYVIEW","BYVWIDXXDS1","240-051-004","202-051-004"
"ID","BONNERS FERRY","BNFYIDXXDS1","240-051-003","202-051-003"
"ID","COEUR D ALENE","CRALIDXX02W","240-059-000","202-059-000"
"ID","COEUR D ALENE MAIN","CRALIDXXCG0","240-051-001","202-051-001"
"ID","DEARY","DERYIDXXDS1","240-051-005","202-051-005"
"ID","HAYDEN LAKE","HYLKIDXXDS0","240-051-002","202-051-002"
"ID","HOPE","HOPEIDXXDS1","240-051-008","202-051-008"
"ID","KELLOGG","KLLGIDXXDS1","240-051-009","202-051-009"
"ID","MOSCOW","MSCWIDXXDS1","240-051-006","202-051-006"
"ID","MOSCOW","MSCWIDXX03W","240-060-000","202-060-000"
"ID","OROFINO","ORFNIDXCDS0","240-051-020","202-051-020"
"ID","PINEHURST","PNHRIDXADS1","240-051-013","202-051-013"
"ID","PLUMMER-WORLEY","PLMRIDXXDS1","240-051-012","202-051-012"
"ID","POST FALLS","PSFLIDXXDS0","240-051-007","202-051-007"
"ID","POTLATCH","PTLTIDXXDS1","240-051-016","202-051-016"
"ID","PRIEST LAKE","PRLKIDXXDS1","240-051-014","202-051-014"
"ID","PRIEST RIVER","PRRVIDXXDS1","240-051-015","202-051-015"
"ID","RATHDRUM","RTHDIDXXDS0","240-051-011","202-051-011"
"ID","SANDPOINT","SNPNIDXXCG0","240-051-010","202-051-010"
"ID","ST. MARIES","STMRIDXXDS1","240-051-017","202-051-017"
"ID","WALLACE","WLLCIDXXDS1","240-051-018","202-051-018"
"IL","ANNA","ANNAILXEDS0","240-107-004","202-107-004"
"IL","BELVIDERE","BLVDILXADS0","240-104-002","202-104-002"
"IL","BENTON","BNTNILXEDS0","240-107-005","202-107-005"
"IL","BLOOMINGTON","BLTNILXD01W","240-101-000","202-101-000"
"IL","BLOOMINGTON CML GATEWAY","BLTNILXD3ED","240-111-019","202-111-019"
"IL","BLOOMINGTON EAST","BLTNILXTDS0","240-111-002","202-111-002"
"IL","BLOOMINGTON MAIN 1","BLTNILXDDS0","240-111-003","202-111-003"
"IL","BLOOMINGTON NORMAL","BLTNILXNDS0","240-111-004","202-111-004"
"IL","BYRON","BYRNILXADS0","240-104-007","202-104-007"
"IL","CARBONDALE","CRDLILXE02W","240-102-000","202-102-000"
"IL","CARBONDALE MAIN","CRDLILXEDS0","240-115-196","202-115-196"
"IL","CARMI","CARMILXEDS0","240-106-006","202-106-006"
"IL","CARTERVILLE","CARVILXEDS0","240-107-001","202-107-001"
"IL","CASEY","CASYILXCDS0","240-106-011","202-106-011"
"IL","CHATHAM","CHHMILXCDS0","240-110-006","202-110-006"
"IL","CHESTER","CHESILXEDS0","240-107-013","202-107-013"
"IL","CHILLICOTHE","CHLCILXDDS0","240-112-003","202-112-003"
"IL","CLIFTON","CFTNILXADS0","240-104-008","202-104-008"
"IL","CLINTON","CLTNILXCDS0","240-111-005","202-111-005"
"IL","CUBA","CUBAILXDDS0","240-112-012","202-112-012"
"IL","DEKALB","DKLBILXADS0","240-109-001","202-109-001"
"IL","DEKALB CML GATEWAY","DKLBILXA3ED","240-111-018","202-111-018"
"IL","DUNLAP","DNLPILXDDS0","240-112-002","202-112-002"
"IL","DUQUOIN","DUQNILXEDS0","240-107-015","202-107-015"
"IL","ELDORADO","ELRDILXEDS0","240-107-007","202-107-007"
"IL","EUREKA","EURKILXDDS0","240-112-005","202-112-005"
"IL","FAIRBURY","FRBRILXADS0","240-111-015","202-111-015"
"IL","FAIRFIELD","FRFDILXEDS0","240-106-004","202-106-004"
"IL","FARMER CITY","FMCYILXDDS0","240-111-001","202-111-001"
"IL","FLORA","FLORILXEDS0","240-106-010","202-106-010"
"IL","FREEPORT","FRPTILXADS0","240-104-001","202-104-001"
"IL","GALVA","GALVILXDDS0","240-112-001","202-112-001"
"IL","GOLCONDA","GLCNILXEDS1","240-107-012","202-107-012"
"IL","GRANVILLE","GRVIILXADS0","240-104-009","202-104-009"
"IL","HARRISBURG","HRBGILXEDS0","240-107-008","202-107-008"
"IL","HECKER","HCKRILXEDS0","240-108-006","202-108-006"
"IL","HERRIN","HRRNILXEDS0","240-107-002","202-107-002"
"IL","HIGHLAND","HGLDILXEDS0","240-108-001","202-108-001"
"IL","HUTSONVILLE","HTSVILXEDS0","240-106-007","202-106-007"
"IL","JACKSONVILLE 1","JCVLILXCDS0","240-110-002","202-110-002"
"IL","JACKSONVILLE 2","JCVLILXCDS1","240-110-004","202-110-004"
"IL","KEWANEE","KEWNILXDDS0","240-112-008","202-112-008"
"IL","LADD","LADDILXADS0","240-112-013","202-112-013"
"IL","LAWRENCEVILLE","LRVLILXEDS0","240-106-002","202-106-002"
"IL","LINCOLN","LNCLILXC01W","240-100-000","202-100-000"
"IL","LINCOLN","LNCLILXCDS0","240-111-006","202-111-006"
"IL","MACOMB","MCMBILXDDS0","240-115-222","202-115-222"
"IL","MAHOMET","MHMTILXCDS0","240-111-012","202-111-012"
"IL","MARION","MARNILXE01W","240-103-000","202-103-000"
"IL","MARION MAIN","MARNILXEDS0","240-107-003","202-107-003"
"IL","MARSHALL","MRSHILXCDS0","240-105-006","202-105-006"
"IL","MASCOUTAH","MSCTILXEDS0","240-108-003","202-108-003"
"IL","MCLEANSBORO","MCBOILXEDS0","240-106-012","202-106-012"
"IL","MENDOTA","MNDTILXADS0","240-112-006","202-112-006"
"IL","METROPOLIS","MTRPILXEDS2","240-107-009","202-107-009"
"IL","MILFORD","MLFRILXADS0","240-104-010","202-104-010"
"IL","MONTICELLO","MNTIILXCDS0","240-111-009","202-111-009"
"IL","MORTON","MRTNILXDDS2","240-112-010","202-112-010"
"IL","MOUNT CARMEL","MTCRILXEDS2","240-106-009","202-106-009"
"IL","MOUNT ZION","MTZNILXCDS2","240-110-005","202-110-005"
"IL","MURPHYSBORO","MRBOILXEDS0","240-107-011","202-107-011"
"IL","NEPONSET","NPNSILXDDS0","240-112-014","202-112-014"
"IL","NEW HAVEN","NWHNILXEDS0","240-106-014","202-106-014"
"IL","NEW MILFORD","NMFRILXADS0","240-104-003","202-104-003"
"IL","NEWTON","NWTNILXEDS0","240-106-001","202-106-001"
"IL","NORRIS CITY","NRCYILXEDS0","240-106-015","202-106-015"
"IL","OLNEY","OLNYILXEDS0","240-106-003","202-106-003"
"IL","PALESTINE","PLSTILXEDS0","240-106-016","202-106-016"
"IL","PARIS","PARSILXCDS0","240-115-013","202-115-013"
"IL","PERCY","PERCILXEDS0","240-107-014","202-107-014"
"IL","PINCKNEYVILLE","PYVLILXEDS0","240-107-016","202-107-016"
"IL","PITTSFIELD","PTFDILXCDS0","240-110-001","202-110-001"
"IL","PONTIAC","PNTCILXADS0","240-111-007","202-111-007"
"IL","PRINCETON","PRTNILXADS0","240-112-004","202-112-004"
"IL","PUTNAM","PTNMILXDDS0","240-112-015","202-112-015"
"IL","RALEIGH","RLGHILXEDS0","240-107-017","202-107-017"
"IL","RANTOUL","RNTLILXCDS0","240-111-010","202-111-010"
"IL","ROANOKE","RONKILXDDS0","240-112-011","202-112-011"
"IL","ROBINSON","RBSNILXEDS0","240-106-005","202-106-005"
"IL","ROCHELLE","RCHEILXADS0","240-109-003","202-109-003"
"IL","ROSCOE","ROSCILXADS0","240-104-004","202-104-004"
"IL","SANDWICH","SNDWILXADS0","240-104-005","202-104-005"
"IL","SPARTA","SPRTILXEDS0","240-107-006","202-107-006"
"IL","STREATOR","STRTILXADS0","240-111-008","202-111-008"
"IL","SUNNYLAND","SNLDILXDDS0","240-112-007","202-112-007"
"IL","SYCAMORE","SYCMILXADS0","240-109-002","202-109-002"
"IL","TOLONO","TLONILXCDS0","240-111-017","202-111-017"
"IL","TUSCOLA","TSCLILXCDS0","240-111-014","202-111-014"
"IL","VIRDEN","VRDNILXCDS0","240-110-003","202-110-003"
"IL","WALNUT","WLNTILXADS0","240-112-016","202-112-016"
"IL","WENDELIN","WNDNILXEDS0","240-106-017","202-106-017"
"IL","WEST FRANKFORT","WFFTILXEDS0","240-107-010","202-107-010"
"IL","WEST SALEM","WSLMILXEDS0","240-106-018","202-106-018"
"IL","WONDER LAKE","WNLKILXADS0","240-104-006","202-104-006"
"IN","AKRON","AKRNINXADS0","240-115-003","202-115-003"
"IN","ANGOLA","ANGLINXADS0","240-117-020","202-117-020"
"IN","BOURBON","BRBNINXADS0","240-116-009","202-116-009"
"IN","BRAZIL","BRZLINXBDS0","240-105-004","202-105-004"
"IN","BURKET","BRKTINXADS0","240-116-010","202-116-010"
"IN","CHESTERTON","CHTNINXADS0","240-116-008","202-116-008"
"IN","CONNERSVILLE","CSVLINXADS0","240-118-002","202-118-002"
"IN","CORYDON","CYDNINXADS0","240-113-003","202-113-003"
"IN","DELPHI","DLPHINXADS0","240-115-002","202-115-002"
"IN","ELKHART MAIN 1","EKHTINXADS0","240-116-021","202-116-021"
"IN","ELKHART MAIN 2","EKHTINXADS1","240-116-024","202-116-024"
"IN","ELKHART NORTH 1","EKHTINXBDS0","240-116-022","202-116-022"
"IN","FARMLAND","FMLDINXADS0","240-118-004","202-118-004"
"IN","FORT WAYNE LNP","FTWYINXA09W","240-127-001","202-127-001"
"IN","FORT WAYNE MAIN 1","FTWYINXADS1","240-117-002","202-117-002"
"IN","FORT WAYNE MAIN 2","FTWYINXADS3","240-115-152","202-115-152"
"IN","FORT WAYNE NDB","FTWYINXAA04","240-114-009","202-114-009"
"IN","FORT WAYNE NORTH 1","FTWYINXFDS0","240-117-003","202-117-003"
"IN","FORT WAYNE NORTHEAST","FTWYINXGDS2","240-117-004","202-117-004"
"IN","FORT WAYNE NORTHWEST","FTWYINXBDS0","240-117-005","202-117-005"
"IN","FORT WAYNE SOUTH","FTWYINXCDS0","240-117-006","202-117-006"
"IN","FORT WAYNE SOUTHEAST","FTWYINXDDS0","240-117-007","202-117-007"
"IN","FORT WAYNE STP","FTWYINXA02W","240-127-000","202-127-000"
"IN","FORT WAYNE WAYNEDALE","FTWYINXEDS0","240-117-008","202-117-008"
"IN","FORT WAYNE WEST","FTWYINXLDS0","240-117-009","202-117-009"
"IN","GARRETT LNP","GRRTINXA03W","240-128-001","202-128-001"
"IN","GARRETT NDB","GRRTINXAA04","240-114-010","202-114-010"
"IN","GARRETT STP","GRRTINXA01W","240-128-000","202-128-000"
"IN","GOSHEN 1","GSHNINXADS0","240-116-023","202-116-023"
"IN","GREENCASTLE","GNCSINXADS0","240-115-045","202-115-045"
"IN","HOBART","HBRTINXADS0","240-116-001","202-116-001"
"IN","HUNTINGBURG","HGBGINXADS0","240-123-007","202-123-007"
"IN","JASPER","JSPRINXADS0","240-113-001","202-113-001"
"IN","LAFAYETTE EAST 1","LFYTINXCDS0","240-115-047","202-115-047"
"IN","LAFAYETTE MAIN 1","LFYTINXADS0","240-115-046","202-115-046"
"IN","LAFAYETTE NORTHWEST 1","LFYTINXDDS0","240-115-048","202-115-048"
"IN","LAFAYETTE SOUTH 1","LFYTINXFDS0","240-115-049","202-115-049"
"IN","LAFAYETTE SOUTH 2","LFYTINXFDS1","240-115-050","202-115-050"
"IN","LAFAYETTE WEST","LFYTINXBDS0","240-115-052","202-115-052"
"IN","LAKE STATION","LKSTINXADS0","240-116-002","202-116-002"
"IN","LAPORTE MAIN","LAPTINXCDS0","240-116-005","202-116-005"
"IN","LOGANSPORT","LGPTINXADS0","240-115-051","202-115-051"
"IN","LOOGOOTEE","LOGTINXADS1","240-123-004","202-123-004"
"IN","MACY","MACYINXADS0","240-115-004","202-115-004"
"IN","MENTONE","MNTNINXBDS0","240-116-011","202-116-011"
"IN","MITCHELL","MTCHINXADS0","240-123-005","202-123-005"
"IN","NEW HAVEN","NWHNINXADS0","240-117-013","202-117-013"
"IN","NORTH MANCHESTER","NMCHINXADS0","240-117-021","202-117-021"
"IN","NORTH VERNON","NVRNINXADS0","240-123-002","202-123-002"
"IN","PAOLI","PAOLINXADS0","240-123-006","202-123-006"
"IN","PENDLETON","PNTNINXADS0","240-115-015","202-115-015"
"IN","PETERSBURG","PTBGINXBDS0","240-123-003","202-123-003"
"IN","PORTAGE MAIN","PRTGINXADS0","240-116-003","202-116-003"
"IN","PORTAGE NORTH","PRTGINXBDS0","240-116-007","202-116-007"
"IN","PRINCETON","PRTNINXADS0","240-113-002","202-113-002"
"IN","RICHMOND","RCMDINXBDS1","240-118-005","202-118-005"
"IN","RUSHVILLE","RUVLINXBDS0","240-118-003","202-118-003"
"IN","SEYMOUR","SYMRINXADS0","240-123-001","202-123-001"
"IN","SIDNEY","SDNYINXADS0","240-117-023","202-117-023"
"IN","TERRE HAUTE MAIN","TRRHINXADS2","240-105-005","202-105-005"
"IN","TERRE HAUTE NORTH","TRRHINXCDS0","240-105-003","202-105-003"
"IN","TERRE HAUTE SOUTH 1","TRRHINXBDS0","240-105-002","202-105-002"
"IN","VALPARAISO","VLPRINXADS1","240-116-006","202-116-006"
"IN","WABASH","WBSHINXADS0","240-117-022","202-117-022"
"IN","WESTFIELD MAIN","WSFDINXADS0","240-115-014","202-115-014"
"IN","WHEELER","WHLRINXADS0","240-116-004","202-116-004"
"IN","WINDFALL","WNFLINXADS0","240-115-009","202-115-009"
"MI","ADAMSVILLE","ADVLMIXGDS1","240-122-019","202-122-019"
"MI","ADDISON","ADSNMIXIDS0","240-121-027","202-121-027"
"MI","ADRIAN","ADRNMIXGDS0","240-121-001","202-121-001"
"MI","ALGER","ALGRMIXJDS0","240-120-005","202-120-005"
"MI","ALLEGAN","ALLGMIXGDS0","240-122-006","202-122-006"
"MI","ALMA","ALMAMIXGDS0","240-120-007","202-120-007"
"MI","ALMA 2","ALMAMIXGDS1","240-115-053","202-115-053"
"MI","ALMONT","ALMTMIXGDS1","240-121-020","202-121-020"
"MI","ALPENA","ALPEMIXGDS0","240-120-001","202-120-001"
"MI","AVOCA","AVOCMIXGDS0","240-121-019","202-121-019"
"MI","BANGOR","BNGRMIXGDS0","240-122-021","202-122-021"
"MI","BELLAIRE","BLLRMIXGDS0","240-122-016","202-122-016"
"MI","BRIDGMAN","BRDGMIXIDS1","240-122-017","202-122-017"
"MI","CAPAC","CPACMIXHDS0","240-121-021","202-121-021"
"MI","CASEVILLE","CSVLMIXHDS0","240-120-004","202-120-004"
"MI","CASS CITY","CSCYMIXGDS0","240-120-012","202-120-012"
"MI","CASSOPOLIS","CSPLMIXGDS0","240-122-034","202-122-034"
"MI","COLDWATER","CDWRMIXGDS0","240-122-002","202-122-002"
"MI","COLUMBIAVILLE","CBVLMIXGDS0","240-121-010","202-121-010"
"MI","DAVISON","DVSNMIXGDS0","240-121-011","202-121-011"
"MI","DE WITT","DWTTMIXGDS0","240-121-012","202-121-012"
"MI","DECATUR","DCTRMIXGDS0","240-122-026","202-122-026"
"MI","DECKERVILLE","DCVLMIXGDS0","240-122-022","202-122-022"
"MI","DOWAGIAC","DWGCMIXGDS0","240-122-004","202-122-004"
"MI","DRYDEN","DRYDMIXGDS1","240-121-022","202-121-022"
"MI","EDMORE","EDMRMIXGDS0","240-120-013","202-120-013"
"MI","EDWARDSBURG","EDWRMIXGDS1","240-122-001","202-122-001"
"MI","ELKTON","EKTNMIXGDS0","240-122-024","202-122-024"
"MI","FAIRVIEW","FRVWMIXGDS0","240-120-017","202-120-017"
"MI","FENNVILLE","FNVLMIXGDS0","240-122-030","202-122-030"
"MI","GANGES","GNGSMIXGDS0","240-122-031","202-122-031"
"MI","GAYLORD","GYLRMIXGDS0","240-120-002","202-120-002"
"MI","GOBLES","GBLSMIXGDS0","240-122-020","202-122-020"
"MI","GRAND LEDGE","GRLDMIXGDS0","240-121-003","202-121-003"
"MI","GRASS LAKE","GRLKMIXGDS0","240-121-037","202-121-037"
"MI","GRAYLING","GRYLMIXGDS0","240-120-003","202-120-003"
"MI","GREGORY","GRGRMIXIDS0","240-121-036","202-121-036"
"MI","HAMILTON","HMTNMIXGDS0","240-122-033","202-122-033"
"MI","HARBOR BEACH","HRBHMIXGDS0","240-122-023","202-122-023"
"MI","HARTFORD","HRFRMIXGDS0","240-122-025","202-122-025"
"MI","HOMER","HOMRMIXJDS0","240-121-038","202-121-038"
"MI","HOWARD CITY","HWCYMIXGDS0","240-122-018","202-122-018"
"MI","HUDSON","HDSNMIXHDS3","240-121-028","202-121-028"
"MI","IMLAY CITY","IMCYMIXHDS0","240-121-013","202-121-013"
"MI","JEDDO","JDDOMIXGDS0","240-121-016","202-121-016"
"MI","LAMBERTVILLE","LMVLMIXIDS0","240-121-004","202-121-004"
"MI","LAWRENCE","LWRNMIXIDS0","240-122-039","202-122-039"
"MI","LAWTON","LWTNMIXGDS0","240-122-035","202-122-035"
"MI","LUDINGTON","LDNGMIXGDS0","240-122-014","202-122-014"
"MI","LUPTON","LPTNMIXJDS0","240-120-006","202-120-006"
"MI","MATTAWAN","MTWNMIXGDS0","240-122-038","202-122-038"
"MI","MEMPHIS","MMPHMIXGDS0","240-121-023","202-121-023"
"MI","METAMORA","MTMOMIXGDS0","240-121-024","202-121-024"
"MI","MILFORD","MLFRMIXEDS0","240-121-005","202-121-005"
"MI","MINDEN CITY","MNCYMIXGDS0","240-122-027","202-122-027"
"MI","MIO","MIO MIXGDS0","240-120-018","202-120-018"
"MI","MORENCI","MRNCMIXIDS0","240-121-029","202-121-029"
"MI","MOUNT PLEASANT","MNPLMIXGDS0","240-120-011","202-120-011"
"MI","MUNITH","MNTHMIXIDS0","240-121-031","202-121-031"
"MI","MUSKEGON","MSKGMIXK01W","240-124-000","202-124-000"
"MI","MUSKEGON EAST","MSKGMIXNDS0","240-122-007","202-122-007"
"MI","MUSKEGON HEIGHTS","MSKHMIXPDS0","240-122-015","202-122-015"
"MI","MUSKEGON LAKESIDE","MSKGMIXRDS0","240-122-008","202-122-008"
"MI","MUSKEGON MAIN","MSKGMIXKDS1","240-122-013","202-122-013"
"MI","MUSKEGON NORTH","MSKGMIXLDS0","240-122-010","202-122-010"
"MI","ONONDAGA","ONDGMIXIDS0","240-121-035","202-121-035"
"MI","ORTONVILLE","ORVLMIXGDS0","240-121-025","202-121-025"
"MI","OSSINEKE","OSNKMIXGDS0","240-120-010","202-120-010"
"MI","OWOSSO","OWSOMIXHDS0","240-120-009","202-120-009"
"MI","PARMA","PARMMIXJDS0","240-121-030","202-121-030"
"MI","PAW PAW","PWPWMIXGDS0","240-122-037","202-122-037"
"MI","PRESCOTT","PRSCMIXPDS1","240-120-019","202-120-019"
"MI","READING","RDNGMIXGDS0","240-121-018","202-121-018"
"MI","RICHMOND","RCMDMIXGDS0","240-121-014","202-121-014"
"MI","RIVES JUNCTION","RVJTMIXIDS0","240-121-032","202-121-032"
"MI","ROGERS CITY","RGCYMIXGDS0","240-120-014","202-120-014"
"MI","ROSCOMMON-SKYLINE","RSCMMIXHDS0","240-120-015","202-120-015"
"MI","ROSE CITY","RSCYMIXJDS0","240-120-016","202-120-016"
"MI","SALINE","SALNMIXGDS0","240-121-006","202-121-006"
"MI","SAUGATUCK","SGTCMIXGDS0","240-122-036","202-122-036"
"MI","SMITHS CREEK","SMCKMIXGDS0","240-121-017","202-121-017"
"MI","SOUTH HAVEN","SOHNMIXHDS0","240-122-005","202-122-005"
"MI","ST. JOHNS","STJHMIXGDS0","240-120-008","202-120-008"
"MI","STERLING","STNGMIXJDS0","240-120-020","202-120-020"
"MI","STOCKBRIDGE","STBRMIXIDS0","240-121-033","202-121-033"
"MI","STURGIS","STRGMIXGDS0","240-122-012","202-122-012"
"MI","SWARTZ CREEK","SWCRMIXGDS0","240-121-007","202-121-007"
"MI","TECUMSEH","TCMSMIXGDS0","240-121-002","202-121-002"
"MI","TEMPERANCE","TMPRMIXGDS0","240-121-008","202-121-008"
"MI","THREE RIVERS","THRRMIXTDS0","240-122-003","202-122-003"
"MI","THREE RIVERS","THRRMIXT01W","240-125-000","202-125-000"
"MI","UNION","UNINMIXGDS0","240-122-028","202-122-028"
"MI","VANDALIA","VANDMIXGDS0","240-122-032","202-122-032"
"MI","WEBBERVILLE","WBVLMIXJDS0","240-121-034","202-121-034"
"MI","WHITE LAKE","WHLKMIXGDS0","240-121-009","202-121-009"
"MI","WHITEHALL","WHTHMIXGDS0","240-122-011","202-122-011"
"MI","WILLIAMSTON","WMTNMIXGDS0","240-121-015","202-121-015"
"MI","WOODLAND","WDLDMIXGDS0","240-122-029","202-122-029"
"MI","YALE","YALEMIXGDS2","240-121-026","202-121-026"
"NC","ANDREWS","ANDRNCXADS0","240-135-006","202-135-006"
"NC","CREEDMOOR","CRDMNCXMDS0","240-133-057","202-133-057"
"NC","DURHAM","DRHMNCXM19W","240-129-000","202-129-000"
"NC","DURHAM ANGIER","DRHMNCXDDS0","240-133-054","202-133-054"
"NC","DURHAM BENNETT","DRHMNCXGDS0","240-133-061","202-133-061"
"NC","DURHAM BRAGTOWN","DRHMNCXTDS0","240-133-088","202-133-088"
"NC","DURHAM HOLT","DRHMNCXC47F","240-133-056","202-133-056"
"NC","DURHAM LAKEWOOD","DRHMNCXB48F","240-133-055","202-133-055"
"NC","DURHAM MAIN 1","DRHMNCXM68F","240-133-058","202-133-058"
"NC","DURHAM MAIN 2","DRHMNCXMDS0","240-133-084","202-133-084"
"NC","DURHAM NELSON","DRHMNCXHDS0","240-133-060","202-133-060"
"NC","DURHAM PARKWOOD","DRHMNCXEDS0","240-133-059","202-133-059"
"NC","DURHAM TRIANGLE","DRHMNCXF19W","240-130-000","202-130-000"
"NC","DURHAM WATTS","DRHMNCXADS0","240-133-091","202-133-091"
"NC","FRANKLIN","FKLNNCXADS0","240-135-011","202-135-011"
"NC","MARION","MARNNCXBDS0","240-135-003","202-135-003"
"NC","MONROE","MONRNCXADS0","240-135-001","202-135-001"
"NC","MURPHY","MRPHNCXBDS0","240-135-004","202-135-004"
"NC","SYLVA","SYLVNCXADS0","240-135-002","202-135-002"
"NC","WEAVERVILLE","WVVLNCXADS0","240-135-010","202-135-010"
"NV","GARDNERVILLE","GRDVNVXADS0","240-020-001","202-020-001"
"NV","STATELINE","STLNNVXF58E","240-020-005","202-020-005"
"OH","ARLINGTON","ARTNOHXADS0","240-164-015","202-164-015"
"OH","ASHLAND","ASLDOHXBDS0","240-164-007","202-164-007"
"OH","ATHENS","ATHNOHXADS0","240-162-015","202-162-015"
"OH","BALTIMORE","BLTMOHXADS0","240-162-025","202-162-025"
"OH","BOWLING GREEN","BWLGOHXADS0","240-164-004","202-164-004"
"OH","BRUNSWICK","BRWKOHXADS0","240-162-003","202-162-003"
"OH","BRYAN","BRYNOHXADS0","240-164-011","202-164-011"
"OH","BYESVILLE","BYVLOHXADS2","240-162-010","202-162-010"
"OH","CADIZ","CADZOHXADS0","240-162-011","202-162-011"
"OH","CAMBRIDGE","CMBROHXBDS0","240-162-012","202-162-012"
"OH","CARROLLTON","CRTNOHXADS0","240-162-007","202-162-007"
"OH","CELINA","CELNOHXADS0","240-164-001","202-164-001"
"OH","CHESAPEAKE","CHSKOHXADS0","240-162-016","202-162-016"
"OH","CIRCLEVILLE","CRVLOHXADS0","240-162-013","202-162-013"
"OH","CLYDE","CLYDOHXADS0","240-164-006","202-164-006"
"OH","COOPERDALE","CPDLOHXCDS0","240-162-005","202-162-005"
"OH","CURTICE-OREGON","CRTCOHXADS0","240-164-016","202-164-016"
"OH","DELAWARE","DLWROHXA01W","240-160-000","202-160-000"
"OH","DELAWARE","DLWROHXADS0","240-162-021","202-162-021"
"OH","GALION","GLINOHXADS0","240-164-014","202-164-014"
"OH","GARRETTSVILLE","GRVLOHXADS2","240-161-002","202-161-002"
"OH","GEORGETOWN","GRTWOHXADS0","240-163-001","202-163-001"
"OH","GREENFIELD","GNFDOHXADS0","240-163-003","202-163-003"
"OH","JACKSON","JCSNOHXADS0","240-162-026","202-162-026"
"OH","LODI","LODIOHXADS0","240-162-002","202-162-002"
"OH","LOGAN","LOGNOHXADS0","240-162-014","202-162-014"
"OH","LUCASVILLE","LUVLOHXADS0","240-162-018","202-162-018"
"OH","MARION","MARNOHXC01W","240-159-000","202-159-000"
"OH","MARION MAIN","MARNOHXCDS1","240-162-024","202-162-024"
"OH","MARION TOPS","MARNOHXC51T","240-115-097","202-115-097"
"OH","MARION WILSON","MARNOHXBDS0","240-162-020","202-162-020"
"OH","MCCOMB","MCCMOHXBDS2","240-164-017","202-164-017"
"OH","MECHANICSBURG","MCBGOHXADS0","240-163-008","202-163-008"
"OH","MEDINA","MEDNOHXBDS0","240-162-004","202-162-004"
"OH","MILAN","MILNOHXADS0","240-164-018","202-164-018"
"OH","MINERVA","MNRVOHXADS0","240-162-006","202-162-006"
"OH","MONTPELIER","MTPLOHXADS0","240-164-012","202-164-012"
"OH","MONTROSE","MTRSOHXADS0","240-162-023","202-162-023"
"OH","NEW PHILADELPHIA MAIN","NWPHOHXADS0","240-162-008","202-162-008"
"OH","NEW PHILADELPHIA SOUTH","NWPHOHXBDS2","240-162-009","202-162-009"
"OH","NORWALK","NRWLOHXADS0","240-164-003","202-164-003"
"OH","OBERLIN","OBRLOHXADS1","240-161-001","202-161-001"
"OH","OXFORD","OXFROHXADS0","240-163-007","202-163-007"
"OH","PIKETON","PKTNOHXADS0","240-162-017","202-162-017"
"OH","PLAIN CITY","PNCYOHXADS0","240-162-028","202-162-028"
"OH","POMEROY","PMRYOHXADS0","240-162-027","202-162-027"
"OH","PORT CLINTON MAIN","PCTNOHXADS0","240-164-010","202-164-010"
"OH","PORTSMOUTH","PTMOOHXADS0","240-162-019","202-162-019"
"OH","SPENCERVILLE","SNVLOHXADS0","240-164-002","202-164-002"
"OH","ST. MARYS","STMYOHXADS0","240-164-013","202-164-013"
"OH","SYLVANIA","SYVNOHXADS0","240-164-009","202-164-009"
"OH","SYLVANIA MCCORD","SYVNOHXBDS0","240-164-005","202-164-005"
"OH","TILTONSVILLE","TLVLOHXADS0","240-162-031","202-162-031"
"OH","TIPP CITY","TPCYOHXADS0","240-163-006","202-163-006"
"OH","TROTWOOD","TRWDOHXADS0","240-163-004","202-163-004"
"OH","TROY","TROYOHXADS0","240-163-005","202-163-005"
"OH","WADSWORTH","WSWOOHXADS0","240-162-030","202-162-030"
"OH","WAVERLY","WVRLOHXADS0","240-162-022","202-162-022"
"OH","WELLINGTON","WGTNOHXADS0","240-161-003","202-161-003"
"OH","WEST UNION","WUNNOHXADS0","240-163-009","202-163-009"
"OH","WILLARD","WLRDOHXADS0","240-164-008","202-164-008"
"OH","WILMINGTON","WLMGOHXBDS0","240-163-002","202-163-002"
"OR","ALOHA","ALOHORXXDS1","240-054-011","202-054-011"
"OR","AUMSVILLE","AMVLORXXDS0","240-054-017","202-054-017"
"OR","BANDON","BNDNORXXDS0","240-055-004","202-055-004"
"OR","BEAVERTON","BVTNORXB00W","240-052-000","202-052-000"
"OR","BEAVERTON 1","BVTNORXBDS1","240-054-005","202-054-005"
"OR","BEAVERTON 2","BVTNORXBDS2","240-054-001","202-054-001"
"OR","BROOKINGS","BKNGORXXDS1","240-055-020","202-055-020"
"OR","BULL MOUNTAIN","TGRDORXCDS0","240-054-021","202-054-021"
"OR","CLATSKANIE","CLTSORXADS1","240-054-018","202-054-018"
"OR","COOS BAY","CSBYORXXDS1","240-055-016","202-055-016"
"OR","COQUILLE","CQLLORXXDS0","240-055-001","202-055-001"
"OR","DAYTON","DYTNORXADS0","240-054-026","202-054-026"
"OR","ENTERPRISE","ENTRORXXDS1","240-054-019","202-054-019"
"OR","FOREST GROVE 1","FRGVORXXCG0","240-054-002","202-054-002"
"OR","GOLD BEACH","GLBHORXXDS0","240-055-002","202-055-002"
"OR","GRESHAM","GRHMORXBCG1","240-054-003","202-054-003"
"OR","HILLSBORO","HLBOORXBDS1","240-054-004","202-054-004"
"OR","JOSEPH","JSPHORXXDS1","240-054-020","202-054-020"
"OR","LAGRANDE","LAGRORXBDS1","240-055-013","202-055-013"
"OR","LAKESIDE","LKSDORXXDS1","240-055-005","202-055-005"
"OR","MCMINNVILLE","MMVLORXXDS1","240-054-009","202-054-009"
"OR","MILL CITY","MLCYORXADS0","240-054-030","202-054-030"
"OR","MURPHY","MRPHORXXDS0","240-055-006","202-055-006"
"OR","NEWBERG 1","NWBRORXADS1","240-054-010","202-054-010"
"OR","PROVOLT","PRVTORXXDS0","240-055-007","202-055-007"
"OR","REEDSPORT","RDPTORXXDS0","240-055-003","202-055-003"
"OR","SANDY","SNDYORXADS2","240-054-016","202-054-016"
"OR","SHERWOOD","SHWDORXADS0","240-054-015","202-054-015"
"OR","SILVERTON","SLTNORXADS0","240-054-012","202-054-012"
"OR","SOMERSET WEST","SMRWORXADS1","240-054-006","202-054-006"
"OR","SUNNYSIDE","SNSDORXXDS0","240-054-025","202-054-025"
"OR","TIGARD","TGRDORXA00W","240-053-000","202-053-000"
"OR","TIGARD","TGRDORXACG0","240-054-007","202-054-007"
"OR","TUALATIN","TULTORXADS0","240-054-022","202-054-022"
"OR","TURNER","TRNRORXADS0","240-054-032","202-054-032"
"OR","YAM HILL","YMHLORXADS0","240-054-027","202-054-027"
"SC","ABBEVILLE","ABVLSCXADS0","240-138-002","202-138-002"
"SC","ANDREWS","ANDRSCXADS0","240-137-007","202-137-007"
"SC","BOWMAN","BWMNSCXADS0","240-137-025","202-137-025"
"SC","CALHOUN FALLS","CLFLSCXADS0","240-138-012","202-138-012"
"SC","CONWAY","CNWYSCXA24E","240-137-001","202-137-001"
"SC","EHRHARDT","EHRHSCXA26E","240-137-018","202-137-018"
"SC","FAIRFAX","FRFXSCXADS0","240-137-017","202-137-017"
"SC","GEORGETOWN","GRTWSCXADS0","240-137-006","202-137-006"
"SC","HEMINGWAY","HMNGSCXADS0","240-137-023","202-137-023"
"SC","HOLLYWOOD","HLWDSCXADS1","240-138-004","202-138-004"
"SC","JACKSON","JCSNSCXADS1","240-137-012","202-137-012"
"SC","JOHNSONVILLE","JSVLSCXADS0","240-137-009","202-137-009"
"SC","KINGSTREE","KGTRSCXADS0","240-137-024","202-137-024"
"SC","LAKE CITY","LKCYSCXA39A","240-137-010","202-137-010"
"SC","LAMAR","LAMRSCXA32E","240-137-022","202-137-022"
"SC","LAURENS","LRNSSCXCDS0","240-138-010","202-138-010"
"SC","MCCORMICK","MCCRSCXBDS0","240-138-003","202-138-003"
"SC","MYRTLE BEACH","MYBHSCXM01W","240-139-000","202-139-000"
"SC","MYRTLE BEACH LONG BAY","MYBHSCXC23E","240-137-002","202-137-002"
"SC","MYRTLE BEACH MAIN 1","MYBHSCXM44E","240-137-003","202-137-003"
"SC","MYRTLE BEACH OCEAN VIEW","MYBHSCXB44E","240-137-004","202-137-004"
"SC","MYRTLE BEACH TOLL","MYBHSCAFDS0","240-137-008","202-137-008"
"SC","MYRTLE BEACH WINDY HILL","WNHLSCXADS0","240-137-005","202-137-005"
"SC","PAMPLICO","PMPLSCXADS0","240-137-011","202-137-011"
"SC","PAMPLICO","PMPLSCXA01W","240-140-000","202-140-000"
"SC","SIMPSONVILLE","SSVLSCXADS0","240-138-001","202-138-001"
"SC","SUMTER","SMTRSCXA77E","240-137-015","202-137-015"
"SC","WALTERBORO","WLBOSCXCDS0","240-137-020","202-137-020"
"SC","WINNSBORO","WNBOSCXADS0","240-137-016","202-137-016"
"SC","YEMASSEE","YMSSSCXADS0","240-137-021","202-137-021"
"WA","ANACORTES","ANCRWAXXDS1","240-049-021","202-049-021"
"WA","ARLINGTON","ARTNWAXXDS1","240-049-005","202-049-005"
"WA","BIRCH BAY","BRBAWAXADS0","240-049-010","202-049-010"
"WA","BOTHELL","BOTHWAXBDS1","240-049-002","202-049-002"
"WA","BOTHELL","BOTHWAXB06W","240-058-000","202-058-000"
"WA","BREWSTER","BRWSWAXADS1","240-050-004","202-050-004"
"WA","BRIDGEPORT","BRPTWAXXDS1","240-050-003","202-050-003"
"WA","CAMAS","CAMSWAXXDS1","240-054-008","202-054-008"
"WA","CHELAN","CHLNWAXXDS1","240-050-005","202-050-005"
"WA","CONCRETE","CNCRWAXXDS0","240-049-011","202-049-011"
"WA","DEMING","DMNGWAXADS0","240-049-034","202-049-034"
"WA","EAST WENATCHEE","EWNCWAXADS1","240-050-001","202-050-001"
"WA","EVERETT","EVRTWAXA06W","240-057-000","202-057-000"
"WA","EVERETT CASINO","EVRTWAXCCG1","240-049-004","202-049-004"
"WA","EVERETT MAIN","EVRTWAXFCG0","240-049-006","202-049-006"
"WA","EVERETT PRIMARY CENTER","EVRTWAXADS1","240-049-001","202-049-001"
"WA","CS2K","EVRTWAXAPS0","240-049-039","202-049-039"
"WA","FERNDALE","FNDLWAXADS1","240-049-037","202-049-037"
"WA","HALLS LAKE","HLLKWAXXDS0","240-049-008","202-049-008"
"WA","JUANITA","JUNTWAXADS0","240-049-023","202-049-023"
"WA","KENNEWICK MAIN","KNWCWAXBDS1","240-050-011","202-050-011"
"WA","KENNEWICK-HIGHLANDS 1","KNWCWAXADS1","240-050-010","202-050-010"
"WA","KENNEWICK-HIGHLANDS 2","KNWCWAXADS2","240-050-009","202-050-009"
"WA","KIRKLAND","KRLDWAXXDS0","240-049-024","202-049-024"
"WA","LA CONNER","LACNWAXXDS0","240-049-035","202-049-035"
"WA","LAKE STEVENS","LKSTWAXADS1","240-049-013","202-049-013"
"WA","LYNDEN","LYNDWAXXDS1","240-049-025","202-049-025"
"WA","MANOR WAY","MRWYWAXACG0","240-049-014","202-049-014"
"WA","MANSON","MNSNWAXADS0","240-050-006","202-050-006"
"WA","MARYSVILLE","MYVIWAXXDS1","240-049-015","202-049-015"
"WA","MONROE","MONRWAXXDS1","240-049-016","202-049-016"
"WA","MOUNT VERNON MAIN","MTVRWAXFPSA","240-049-038","202-049-038"
"WA","MOUNT VERNON TOPS","MTVRWAXX05T","240-049-022","202-049-022"
"WA","NACHES","NCHSWAXXDS0","240-050-007","202-050-007"
"WA","NEWPORT","NWPTWAXXDS1","240-051-019","202-051-019"
"WA","OAK HARBOR","OKHRWAXXDS1","240-049-020","202-049-020"
"WA","PULLMAN","PLMNWAXXDS0","240-050-012","202-050-012"
"WA","QUINCY","QNCYWAXXDS1","240-050-008","202-050-008"
"WA","REDMOND","RDMDWAXADS1","240-049-007","202-049-007"
"WA","REPUBLIC","RPBLWAXADS0","240-050-014","202-050-014"
"WA","RICHLAND 1","RCLDWAXBDS1","240-050-013","202-050-013"
"WA","RICHMOND BEACH","RCBHWAXXDS1","240-049-017","202-049-017"
"WA","SAMMAMISH","SMSHWAXADS1","240-049-012","202-049-012"
"WA","SILVER LAKE","SLLKWAXADS1","240-049-018","202-049-018"
"WA","SKYKOMISH","SKYKWAXXDS0","240-049-026","202-049-026"
"WA","SNOHOMISH","SNHSWAXXDS1","240-049-019","202-049-019"
"WA","SOAP LAKE","SOLKWAXXDS1","240-050-015","202-050-015"
"WA","TONASKET","TNSKWAXADS0","240-050-016","202-050-016"
"WA","WASHOUGAL","WSHGWAXADS1","240-054-013","202-054-013"
"WA","WASHOUGAL RIVER","WSRVWAXADS1","240-054-028","202-054-028"
"WA","WENATCHEE","WNTCWAXXCG0","240-050-002","202-050-002"
"WA","WESTPORT","WSPTWAXADS0","240-049-036","202-049-036"
"WA","WOODLAND","WDLDWAXADS1","240-054-029","202-054-029"
"WI","ANTIGO","ANTGWIXADS0","240-222-007","202-222-007"
"WI","BRISTOL","BRSTWIXADS0","240-223-012","202-223-012"
"WI","BRODHEAD","BRHDWIXADS0","240-224-019","202-224-019"
"WI","CLINTON","CLTNWIXADS0","240-224-020","202-224-020"
"WI","COTTAGE GROVE","CTGVWIXADS0","240-224-015","202-224-015"
"WI","DARIEN","DARNWIXADS2","240-223-016","202-223-016"
"WI","DODGEVILLE","DGVLWIXADS0","240-224-002","202-224-002"
"WI","EAGLE RIVER","EGRVWIXADS0","240-222-015","202-222-015"
"WI","EDGERTON","EGTNWIXADS0","240-224-021","202-224-021"
"WI","LAKE MILLS","LKMLWIXADS0","240-223-010","202-223-010"
"WI","MARSHFIELD","MRFDWIXA01W","240-219-000","202-219-000"
"WI","MARSHFIELD","MRFDWIXADS0","240-222-014","202-222-014"
"WI","MAUSTON","MSTNWIXADS1","240-224-004","202-224-004"
"WI","MCFARLAND","MCFAWIXADS0","240-224-016","202-224-016"
"WI","MERRILL","MRRLWIXADS0","240-222-008","202-222-008"
"WI","MINOCQUA","MNCQWIXADS0","240-222-016","202-222-016"
"WI","OAKFIELD","OKFDWIXADS0","240-223-015","202-223-015"
"WI","OREGON","ORGNWIXADS0","240-224-014","202-224-014"
"WI","ORFORDVILLE","ORVLWIXADS0","240-224-022","202-224-022"
"WI","PLYMOUTH","PLMOWIXADS0","240-223-008","202-223-008"
"WI","PORTAGE","PRTGWIXADS0","240-224-011","202-224-011"
"WI","RANDOM LAKE","RNLKWIXADS0","240-223-006","202-223-006"
"WI","REEDSBURG","RDBGWIXADS0","240-224-017","202-224-017"
"WI","RICHLAND CENTER","RCCTWIXADS0","240-224-003","202-224-003"
"WI","SAUK CITY","SKCYWIXADS0","240-224-012","202-224-012"
"WI","SISTER BAY","SSBYWIXADS0","240-222-018","202-222-018"
"WI","SLINGER","SLNGWIXADS0","240-223-014","202-223-014"
"WI","SUN PRAIRIE","SNPRWIXADS0","240-224-001","202-224-001"
"WI","TOMAHAWK","TMHKWIXADS0","240-222-017","202-222-017"
"WI","TWO RIVERS","TWRVWIXADS0","240-223-011","202-223-011"
"WI","WALWORTH","WLWOWIXADS0","240-223-013","202-223-013"
"WI","WAUSAU","WAUSWIXA01W","240-220-000","202-220-000"
"WI","WAUSAU MAIN","WAUSWIXADS0","240-222-011","202-222-011"
"WI","WAUSAU NORTHWEST","WAUSWIXCDS0","240-222-013","202-222-013"
"WI","WAUSAU SCHOFIELD","WAUSWIXBDS0","240-222-002","202-222-002"
"WI","WISCONSIN DELLS","WIDLWIXADS0","240-224-013","202-224-013"
Sheet = "ND_NY_DEC.pdf" December 5, 2011
-------------
"SWNAME","SWCLLI","SWFUNC","WCADDR","WCCITY","WCST","WCZIP","EFFDATE","NOTES"
"Brentwood 4E tandem","BRWDNYBW01T","ILT,FGB,FGD,LCL,IXC,TDM","1265 Suffolk Ave.","Suffolk","NY","11717","2012-09-10","Decommssioned: change to DRPKNYDPG0T"
"Deer Park Gateway tandem","DRPKNYDPG0T","ILT,FGB,FGD,LCL,IXC,TDM","85 West 2nd St.","Suffolk","NY","11729","2012-09-10","Decommssioned"
"Brentwood Gateway Trunk","BRWDNYBWGT0","TGW","1265 Suffolk Ave.","Suffolk","NY","11717","2012-09-10","Decommssioned"
Sheet = "VA_STP.pdf" April 19, 2012
-------------
"LATA","SWNAME","SWCLLI","MATE","SPC","WCADDR","WCCITY","WCST","WCZIP","SWFUNC"
"250","Church St.","LYBGVACH77W","LYBGVATM77W","246-240-000","700-706 Church St.","Lynchburg","VA","24504","STP"
"250","Timberlake","LYBGVATM77W","LYBGVACH77W","246-241-000","7216 Timberlake Rd.","Lynchburg","VA","24502","STP"
"244","Roanoke","RONKVALK77W","SALMVASA77W","246-220-000","225 Franklin Rd.","Roanoke","VA","24011","STP"
"244","Salem","SALMVASA77W","RONKVALK77W","246-221-000","10 S Market St.","Salem","VA","24157","STP"
-------------
"SWNAME","SWCLLI","WCADDR","WCCITY","WCST","WCZIP","OLDSTP1","OLDSTP2","STP1","STP2","EFFDATE"
"Franklin Pike","DAVLVAFPDS0","904 Franklin Pike","Danville","VA","24541","LYBGVACH77W","LYBGVATM77W","RONKVALK77W","SALMVASA77W","2012-11-01"
"Danville","DAVLVADA03T","730 Main St.","Danville","VA","24541","LYBGVACH77W","LYBGVATM77W","RONKVALK77W","SALMVASA77W","2012-11-01"
"Timberlake","LYBGVATMDS0","7216 Timberlake Rd.","Lynchburg","VA","24502","LYBGVACH77W","LYBGVATM77W","RONKVALK77W","SALMVASA77W","2012-11-01"
"New London Rd.","LYBGVANLDS0","3357 Thomas Jefferson Rd.","Bedford","VA","24551","LYBGVACH77W","LYBGVATM77W","RONKVALK77W","SALMVASA77W","2012-11-01"
"Clearview","LYBGVACVDS0","100 Clearview Dr.","Campbell","VA","24504","LYBGVACH77W","LYBGVATM77W","RONKVALK77W","SALMVASA77W","2012-11-01"
"Church St.","LYBGVACH03T","700-706 Church St.","Lynchburg","VA","24504","LYBGVACH77W","LYBGVATM77W","RONKVALK77W","SALMVASA77W","2012-11-01"
Sheet = "VA_STP.pdf" April 19, 2012
-------------
"LATA","SWNAME","SWITCH","SPC","SWFUNC","WCADDR","WCCITY","WCST","WCZIP","EFFDATE"
"250","Church St.","LYBGVACH77W","246-240-000","STP,MATE","700-706 Church St.","Lynchburg","VA","24504","2012-11-01"
"250","Timberlake","LYBGVATM77W","246-241-000","STP,MATE","7216 Timberlake Rd.","Lynchburg","VA","24502","2012-11-01"
"244","Roanoke","RONKVALK77W","246-220-000","STP,MATE","225 Franklin Rd.","Roanoke","VA","24011","2012-11-01"
"244","Salem","SALMVASA77W","246-221-000","STP,MATE","10 S Market St.","Salem","VA","24157","2012-11-01"
-------------
"SWNAME","SWCLLI","WCADDR","WCCITY","WCST","WCZIP","OLDSTP1","OLDSTP2","STP1","STP2","EFFDATE"
"Franklin Pike","DAVLVAFPDS0","904 Franklin Pike","Danville","VA","24541","LYBGVACH77W","LYBGVATM77W","RONKVALK77W","SALMVASA77W","2012-11-01"
"Danville","DAVLVADA03T","730 Main St.","Danville","VA","24541","LYBGVACH77W","LYBGVATM77W","RONKVALK77W","SALMVASA77W","2012-11-01"
"Timberlake","LYBGVATMDS0","7216 Timberlake Rd.","Lynchburg","VA","24502","-","-","RONKVALK77W","SALMVASA77W","2012-11-01"
"New London Rd.","LYBGVANLDS0","3357 Thomas Jefferson Rd.","Bedford","VA","24551","-","-","RONKVALK77W","SALMVASA77W","2012-11-01"
"Clearview","LYBGVACVDS0","100 Clearview Dr.","Campbell","VA","24504","-","-","RONKVALK77W","SALMVASA77W","2012-11-01"
"Church St.","LYBGVACH03T","700-706 Church St.","Lynchburg","VA","24504","-","-","RONKVALK77W","SALMVASA77W","2012-11-01"
Sheet = "Dirksen.pdf" May 4, 2012
-------------
"SWNAME","SWCLLI","EFFDATE","NOTES"
"Dirksen","WASHDCDKDS0","2012-09-04","Decommissioned 5ESS traffic migrated to unknown CS 2100"
